-- Muhammad Nabil Afrizal Rahmadani 5025231014
-- Tabel pengunjung

INSERT INTO `pengunjung` (`id_pengunjung`, `nama`) VALUES
('P00001', 'Muhammad Ryan Fikri Nugraha'),
('P00002', 'Muhammad Nabil Afrizal Rahmadani'),
('P00003', 'Randi Palguna Artayasa'),
('P00004', 'I Gusti Ngurah Arya Sudewa'),
('P00005', 'Mathias Adya Diwangkara Suganda'),
('P00006', 'Muhammad Shafa Narariya'),
('P00007', 'Gerry Nicholas'),
('P00008', 'Cathleen Gracia'),
('P00009', 'Junathan Richie'),
('P00010', 'Nabil Julian Syah'),
('P00011', 'Rayanisa Sita'),
('P00012', 'Roos Faikarsyah Ravas Falah'),
('P00013', 'Ahmad Harisul Hikam'),
('P00014', 'Muchammad Ainun Febriansyah'),
('P00015', 'Arja Maula Razan'),
('P00016', 'Ronald Listiyadhi'),
('P00017', 'Styvend Mosesaah Marpaung'),
('P00018', 'Muhammad Rifqi Febrian'),
('P00019', 'Muhammad Ilham Ramadhan Khasyyatullah'),
('P00020', 'Adhyaksa Afzaal Dhananjaya'),
('P00021', 'Ahmad Zaidan Wahab'),
('P00022', 'Manuel Gerrard Maheswara'),
('P00023', 'Marcelino Tody Adrianto'),
('P00024', 'Hanin Nur Aulia'),
('P00025', 'Dina Fahriyanti'),
('P00026', 'Nurita Udiyanti Salimah'),
('P00027', 'Athalya Bella Pandjaitan'),
('P00028', 'Alzena Cheiryl Violney'),
('P00029', 'Muhammad Haikal Fikri Al Azhari'),
('P00030', 'Dhania Faza Naufalia'),
('P00031', 'Muhammad Thaliban Habib Hudzaifah Naim'),
('P00032', 'Tanaya Secyolita Putri Maulidya'),
('P00033', 'Raditia Damar Prasetyo'),
('P00034', 'Ahmad Raihan Akbar'),
('P00035', 'Immanuel Mattew Sitorus'),
('P00036', 'Christopher Rocky Perkasa'),
('P00037', 'Einin Ellasya Putri'),
('P00038', 'Rafi Ardell Nugraha'),
('P00039', 'Isyana Ershandari '),
('P00040', 'Aryaputra Listyan'),
('P00041', 'Abyan Naufal Fahmi'),
('P00042', 'Muhammad Zaki Fauzan Sutomo'),
('P00043', 'Raden Raynor Matteo Seputro'),
('P00044', 'Zahira Berliani Rahmadanti Yuvito'),
('P00045', 'Rhevanza Felly Azahra'),
('P00046', 'Pradipta Bagas Satriawan'),
('P00047', 'Qaulan Syakilla Dorida'),
('P00048', 'Zahrina Nur Amalina Syamsudin'),
('P00049', 'Aziz Nabiel Daniswara'),
('P00050', 'Desyta Dwi Ardijantari'),
('P00051', 'Demetrius Floja'),
('P00052', 'Widyansyah Khalifian Dharmawan'),
('P00053', 'Ahmad Syihan Al Askary'),
('P00054', 'Riezaldy Mumtaz Aqila'),
('P00055', 'Ibnaty Rameyza Alya Karima'),
('P00056', 'David Christopher Wicaksono'),
('P00057', 'Zahwa Anggeraeni'),
('P00058', 'Syelina Alifia Rozan'),
('P00059', 'Jason Lurich'),
('P00060', 'Farrell Isyraq Wardoyo'),
('P00061', 'Muhammad Abhinaya Al-Faruqi'),
('P00062', 'Aswalia Novitriasari'),
('P00063', 'Riskiyatul Nur Oktarani'),
('P00064', 'Muhamad Arrayyan'),
('P00065', 'Farida Qurrotu Ayuna'),
('P00066', 'Dian Anggraeni Putri'),
('P00067', 'Hazwan Adhikara Nasution'),
('P00068', 'Athalla Barka Fadhil'),
('P00069', 'Rafael Gunawan'),
('P00070', 'Acintya Edria Sudarsono'),
('P00071', 'Zahra Rania Putri Indra'),
('P00072', 'Khansa Peridhia Naura'),
('P00073', 'Lunetta Herdanti Asshidiqah'),
('P00074', 'Tobias Ega Ekaputra'),
('P00075', 'Brigita Apsari Waskitho'),
('P00076', 'Thania Marsya Kiroyan'),
('P00077', 'Abhista Hevan Daniswara'),
('P00078', 'Oktavia Anis Nurrohmah'),
('P00079', 'Azmiyah Tsauroh'),
('P00080', 'Novia Farah Hashifah'),
('P00081', 'Rizky Pratama'),
('P00082', 'Putri Aulia'),
('P00083', 'Dwi Santoso'),
('P00084', 'Siti Rahayu'),
('P00085', 'Fajar Setiawan'),
('P00086', 'Anisa Fitriani'),
('P00087', 'Budi Utomo'),
('P00088', 'Dewi Lestari'),
('P00089', 'Muhammad Akbar'),
('P00090', 'Ratna Sari'),
('P00091', 'Adi Nugroho'),
('P00092', 'Nita Septiani'),
('P00093', 'Aditya Wibowo'),
('P00094', 'Nindy Amelia'),
('P00095', 'Rudi Hermawan'),
('P00096', 'Astuti Widayanti'),
('P00097', 'Agus Setiawan'),
('P00098', 'Yuli Susanti'),
('P00099', 'Irfan Saputra'),
('P00100', 'Maya Wulandari');

-- Muhammad Nabil Afrizal Rahmadani 5025231014
-- Tabel waktu_berkunjung
INSERT INTO `waktu_berkunjung` (`waktu`, `id_pengunjung`) VALUES
('2023-07-04 14:13:01', 'P00001'),
('2023-07-16 17:25:45', 'P00001'),
('2023-07-30 15:11:31', 'P00001'),
('2023-08-12 16:19:36', 'P00001'),
('2023-09-10 09:15:13', 'P00001'),
('2023-09-15 16:32:43', 'P00001'),
('2023-09-24 15:38:23', 'P00001'),
('2023-10-17 12:30:29', 'P00001'),
('2023-11-18 17:34:32', 'P00001'),
('2023-11-26 07:38:46', 'P00001'),
('2023-11-28 08:07:30', 'P00001'),
('2023-12-06 17:36:45', 'P00001'),
('2023-12-12 11:10:44', 'P00001'),
('2023-07-09 10:00:24', 'P00002'),
('2023-07-12 17:45:05', 'P00002'),
('2023-07-14 16:03:08', 'P00002'),
('2023-07-14 16:47:10', 'P00002'),
('2023-07-22 13:42:58', 'P00002'),
('2023-07-23 11:42:53', 'P00002'),
('2023-08-17 12:01:32', 'P00002'),
('2023-09-15 17:15:36', 'P00002'),
('2023-09-22 12:06:35', 'P00002'),
('2023-10-21 11:59:03', 'P00002'),
('2023-12-01 07:19:07', 'P00002'),
('2023-12-13 10:11:51', 'P00002'),
('2023-12-14 09:39:02', 'P00002'),
('2023-12-14 16:58:20', 'P00002'),
('2023-07-05 08:37:34', 'P00003'),
('2023-07-08 17:11:28', 'P00003'),
('2023-07-13 14:39:50', 'P00003'),
('2023-07-27 15:25:15', 'P00003'),
('2023-08-10 14:05:33', 'P00003'),
('2023-09-01 10:06:48', 'P00003'),
('2023-09-23 11:43:54', 'P00003'),
('2023-10-17 11:04:25', 'P00003'),
('2023-11-06 17:01:58', 'P00003'),
('2023-11-15 16:21:15', 'P00003'),
('2023-11-21 10:30:39', 'P00003'),
('2023-12-07 13:02:27', 'P00003'),
('2023-12-10 17:08:26', 'P00003'),
('2023-07-11 08:00:16', 'P00004'),
('2023-08-01 16:41:33', 'P00004'),
('2023-08-07 16:52:35', 'P00004'),
('2023-08-27 17:08:28', 'P00004'),
('2023-09-15 18:04:56', 'P00004'),
('2023-09-24 18:21:18', 'P00004'),
('2023-09-26 09:57:34', 'P00004'),
('2023-10-06 13:30:41', 'P00004'),
('2023-11-01 13:38:15', 'P00004'),
('2023-12-05 08:06:52', 'P00004'),
('2023-12-22 18:06:52', 'P00004'),
('2023-12-29 08:19:26', 'P00004'),
('2023-07-05 10:45:33', 'P00005'),
('2023-08-11 16:30:47', 'P00005'),
('2023-08-13 12:05:32', 'P00005'),
('2023-08-14 16:49:35', 'P00005'),
('2023-08-24 10:34:43', 'P00005'),
('2023-09-03 08:43:57', 'P00005'),
('2023-10-11 15:00:30', 'P00005'),
('2023-10-22 15:55:08', 'P00005'),
('2023-10-31 13:30:12', 'P00005'),
('2023-11-17 17:39:04', 'P00005'),
('2023-12-04 12:05:34', 'P00005'),
('2023-07-28 08:05:24', 'P00006'),
('2023-09-08 14:01:48', 'P00006'),
('2023-09-23 10:43:23', 'P00006'),
('2023-10-17 18:47:19', 'P00006'),
('2023-11-24 10:24:33', 'P00006'),
('2023-12-05 15:38:55', 'P00006'),
('2023-08-13 12:44:47', 'P00007'),
('2023-10-04 17:34:35', 'P00007'),
('2023-10-19 08:05:51', 'P00007'),
('2023-11-16 12:49:24', 'P00007'),
('2023-12-19 11:14:16', 'P00007'),
('2023-07-07 10:35:34', 'P00008'),
('2023-07-12 13:52:20', 'P00008'),
('2023-07-12 15:43:29', 'P00008'),
('2023-07-27 08:48:55', 'P00008'),
('2023-08-09 17:52:06', 'P00008'),
('2023-09-07 10:59:40', 'P00008'),
('2023-09-21 08:35:26', 'P00008'),
('2023-10-06 12:24:03', 'P00008'),
('2023-10-10 14:03:33', 'P00008'),
('2023-10-22 15:30:10', 'P00008'),
('2023-11-09 16:09:56', 'P00008'),
('2023-12-02 07:22:35', 'P00008'),
('2023-12-02 17:40:25', 'P00008'),
('2023-12-28 15:12:26', 'P00008'),
('2023-07-09 13:07:01', 'P00009'),
('2023-08-17 17:44:59', 'P00009'),
('2023-09-03 18:37:35', 'P00009'),
('2023-09-07 08:04:51', 'P00009'),
('2023-10-01 18:06:54', 'P00009'),
('2023-10-17 13:48:46', 'P00009'),
('2023-11-02 09:29:38', 'P00009'),
('2023-11-11 17:43:33', 'P00009'),
('2023-11-25 12:20:44', 'P00009'),
('2023-11-27 10:42:58', 'P00009'),
('2023-12-01 08:58:44', 'P00009'),
('2023-12-22 14:39:56', 'P00009'),
('2023-12-24 17:58:38', 'P00009'),
('2023-07-10 16:36:46', 'P00010'),
('2023-07-27 12:06:01', 'P00010'),
('2023-08-14 17:32:09', 'P00010'),
('2023-08-22 14:29:10', 'P00010'),
('2023-09-06 07:03:17', 'P00010'),
('2023-10-01 12:52:33', 'P00010'),
('2023-10-15 16:03:39', 'P00010'),
('2023-10-31 16:35:37', 'P00010'),
('2023-11-07 12:07:31', 'P00010'),
('2023-11-23 10:34:36', 'P00010'),
('2023-12-05 09:30:08', 'P00010'),
('2023-12-12 10:03:49', 'P00010'),
('2023-12-31 12:03:56', 'P00010'),
('2023-07-06 11:34:59', 'P00011'),
('2023-07-19 16:57:58', 'P00011'),
('2023-07-24 15:21:26', 'P00011'),
('2023-07-26 11:01:54', 'P00011'),
('2023-07-26 16:29:41', 'P00011'),
('2023-08-04 13:08:54', 'P00011'),
('2023-08-17 07:21:24', 'P00011'),
('2023-08-19 10:37:10', 'P00011'),
('2023-08-31 18:11:39', 'P00011'),
('2023-09-02 16:25:32', 'P00011'),
('2023-09-11 07:44:26', 'P00011'),
('2023-09-11 17:17:13', 'P00011'),
('2023-10-03 16:46:40', 'P00011'),
('2023-10-09 11:38:28', 'P00011'),
('2023-10-16 11:50:25', 'P00011'),
('2023-10-16 13:54:12', 'P00011'),
('2023-11-07 09:08:51', 'P00011'),
('2023-11-11 17:27:39', 'P00011'),
('2023-11-24 10:12:04', 'P00011'),
('2023-12-09 14:53:58', 'P00011'),
('2023-08-07 08:54:52', 'P00012'),
('2023-08-26 12:08:24', 'P00012'),
('2023-09-18 09:16:40', 'P00012'),
('2023-09-18 10:05:41', 'P00012'),
('2023-10-12 07:58:09', 'P00012'),
('2023-11-01 14:23:39', 'P00012'),
('2023-11-03 13:17:15', 'P00012'),
('2023-11-06 10:52:05', 'P00012'),
('2023-12-19 16:47:43', 'P00012'),
('2023-12-31 12:46:18', 'P00012'),
('2023-08-13 07:30:26', 'P00013'),
('2023-08-20 09:34:32', 'P00013'),
('2023-08-21 10:07:00', 'P00013'),
('2023-10-05 12:10:58', 'P00013'),
('2023-10-28 17:50:28', 'P00013'),
('2023-11-07 08:00:12', 'P00013'),
('2023-12-29 18:08:13', 'P00013'),
('2023-07-18 17:25:23', 'P00014'),
('2023-07-27 16:26:33', 'P00014'),
('2023-07-30 12:29:54', 'P00014'),
('2023-08-02 15:41:57', 'P00014'),
('2023-08-13 09:51:04', 'P00014'),
('2023-09-30 07:24:25', 'P00014'),
('2023-10-05 11:33:41', 'P00014'),
('2023-11-02 18:12:19', 'P00014'),
('2023-12-02 09:07:13', 'P00014'),
('2023-12-13 16:59:30', 'P00014'),
('2023-12-14 09:46:32', 'P00014'),
('2023-08-04 07:56:23', 'P00015'),
('2023-08-19 09:42:30', 'P00015'),
('2023-08-28 11:28:49', 'P00015'),
('2023-10-02 15:23:16', 'P00015'),
('2023-10-12 08:37:02', 'P00015'),
('2023-10-13 17:32:20', 'P00015'),
('2023-11-10 14:52:03', 'P00015'),
('2023-11-30 10:20:38', 'P00015'),
('2023-12-21 18:19:02', 'P00015'),
('2023-12-24 13:27:15', 'P00015'),
('2023-07-14 11:51:06', 'P00016'),
('2023-08-04 11:48:22', 'P00016'),
('2023-09-06 15:28:35', 'P00016'),
('2023-09-24 08:46:31', 'P00016'),
('2023-10-08 18:06:28', 'P00016'),
('2023-10-22 12:43:26', 'P00016'),
('2023-11-29 09:04:52', 'P00016'),
('2023-12-11 10:21:22', 'P00016'),
('2023-12-19 17:51:43', 'P00016'),
('2023-08-21 08:11:56', 'P00017'),
('2023-08-28 08:34:15', 'P00017'),
('2023-08-30 16:50:40', 'P00017'),
('2023-09-10 13:33:01', 'P00017'),
('2023-09-16 17:12:57', 'P00017'),
('2023-10-02 14:53:47', 'P00017'),
('2023-10-22 09:35:51', 'P00017'),
('2023-11-05 09:16:49', 'P00017'),
('2023-11-09 09:26:27', 'P00017'),
('2023-11-15 14:58:40', 'P00017'),
('2023-11-16 09:30:46', 'P00017'),
('2023-11-25 13:24:39', 'P00017'),
('2023-07-09 18:40:35', 'P00018'),
('2023-08-22 10:39:22', 'P00018'),
('2023-10-08 14:28:47', 'P00018'),
('2023-10-13 09:20:41', 'P00018'),
('2023-10-13 12:22:12', 'P00018'),
('2023-10-17 15:46:23', 'P00018'),
('2023-11-05 10:40:48', 'P00018'),
('2023-11-16 09:03:05', 'P00018'),
('2023-11-24 07:47:11', 'P00018'),
('2023-11-25 11:37:34', 'P00018'),
('2023-12-02 11:07:35', 'P00018'),
('2023-12-27 09:14:37', 'P00018'),
('2023-12-29 14:34:49', 'P00018'),
('2023-07-05 08:11:38', 'P00019'),
('2023-07-14 07:04:57', 'P00019'),
('2023-07-17 14:11:20', 'P00019'),
('2023-08-10 14:33:35', 'P00019'),
('2023-08-28 16:12:32', 'P00019'),
('2023-11-13 16:48:14', 'P00019'),
('2023-11-20 11:17:38', 'P00019'),
('2023-07-14 08:03:02', 'P00020'),
('2023-08-01 18:39:40', 'P00020'),
('2023-08-02 07:03:05', 'P00020'),
('2023-08-10 10:47:21', 'P00020'),
('2023-08-12 11:37:20', 'P00020'),
('2023-10-10 17:11:06', 'P00020'),
('2023-10-28 11:40:45', 'P00020'),
('2023-11-11 13:41:40', 'P00020'),
('2023-12-06 16:19:45', 'P00020'),
('2023-07-11 07:26:20', 'P00021'),
('2023-07-25 11:27:53', 'P00021'),
('2023-09-06 12:55:33', 'P00021'),
('2023-09-21 16:34:01', 'P00021'),
('2023-10-27 15:41:38', 'P00021'),
('2023-10-27 18:04:05', 'P00021'),
('2023-10-28 08:09:42', 'P00021'),
('2023-11-22 10:53:33', 'P00021'),
('2023-11-22 14:46:04', 'P00021'),
('2023-12-24 12:01:20', 'P00021'),
('2023-07-15 08:22:16', 'P00022'),
('2023-08-30 08:10:55', 'P00022'),
('2023-09-01 07:11:51', 'P00022'),
('2023-09-01 14:19:35', 'P00022'),
('2023-09-01 14:56:51', 'P00022'),
('2023-09-11 07:58:13', 'P00022'),
('2023-10-01 09:53:47', 'P00022'),
('2023-10-02 10:33:04', 'P00022'),
('2023-11-06 10:47:51', 'P00022'),
('2023-11-16 14:49:46', 'P00022'),
('2023-11-19 17:23:16', 'P00022'),
('2023-11-24 13:28:55', 'P00022'),
('2023-11-24 13:35:00', 'P00022'),
('2023-12-10 18:53:51', 'P00022'),
('2023-12-23 11:46:26', 'P00022'),
('2023-07-20 15:09:12', 'P00023'),
('2023-07-24 10:56:07', 'P00023'),
('2023-07-29 08:24:27', 'P00023'),
('2023-08-15 18:12:26', 'P00023'),
('2023-08-27 17:16:00', 'P00023'),
('2023-08-29 09:59:54', 'P00023'),
('2023-09-07 09:50:57', 'P00023'),
('2023-09-11 15:45:11', 'P00023'),
('2023-09-15 12:47:03', 'P00023'),
('2023-09-20 07:45:38', 'P00023'),
('2023-09-26 09:35:29', 'P00023'),
('2023-11-10 14:41:28', 'P00023'),
('2023-11-28 07:50:52', 'P00023'),
('2023-12-13 15:11:45', 'P00023'),
('2023-12-15 17:42:44', 'P00023'),
('2023-12-21 07:40:34', 'P00023'),
('2023-08-05 10:49:32', 'P00024'),
('2023-09-10 09:07:44', 'P00024'),
('2023-10-09 18:31:37', 'P00024'),
('2023-11-20 09:09:00', 'P00024'),
('2023-11-25 08:47:21', 'P00024'),
('2023-12-08 09:53:16', 'P00024'),
('2023-12-23 10:56:33', 'P00024'),
('2023-08-14 10:09:43', 'P00025'),
('2023-08-20 13:18:45', 'P00025'),
('2023-08-20 17:29:41', 'P00025'),
('2023-10-05 15:44:51', 'P00025'),
('2023-10-16 17:24:10', 'P00025'),
('2023-10-19 07:39:11', 'P00025'),
('2023-11-28 11:09:37', 'P00025'),
('2023-08-05 16:44:18', 'P00026'),
('2023-09-15 14:44:30', 'P00026'),
('2023-10-09 12:46:56', 'P00026'),
('2023-11-06 15:53:23', 'P00026'),
('2023-12-23 09:11:24', 'P00026'),
('2023-07-04 15:12:07', 'P00027'),
('2023-07-31 09:57:46', 'P00027'),
('2023-08-28 09:40:30', 'P00027'),
('2023-09-01 09:52:45', 'P00027'),
('2023-09-07 12:58:53', 'P00027'),
('2023-09-11 12:14:14', 'P00027'),
('2023-10-11 18:57:27', 'P00027'),
('2023-10-12 09:10:00', 'P00027'),
('2023-11-05 16:19:27', 'P00027'),
('2023-11-15 15:44:11', 'P00027'),
('2023-11-28 18:12:44', 'P00027'),
('2023-07-08 12:58:27', 'P00028'),
('2023-07-09 17:50:18', 'P00028'),
('2023-07-23 15:20:48', 'P00028'),
('2023-07-30 15:21:35', 'P00028'),
('2023-08-05 16:16:01', 'P00028'),
('2023-08-09 09:06:56', 'P00028'),
('2023-08-24 18:23:21', 'P00028'),
('2023-08-30 13:44:19', 'P00028'),
('2023-08-31 16:41:15', 'P00028'),
('2023-09-18 15:14:34', 'P00028'),
('2023-10-25 15:14:16', 'P00028'),
('2023-07-05 10:13:22', 'P00029'),
('2023-07-26 17:07:45', 'P00029'),
('2023-08-14 12:20:16', 'P00029'),
('2023-08-19 16:36:20', 'P00029'),
('2023-08-22 17:14:21', 'P00029'),
('2023-09-24 14:50:22', 'P00029'),
('2023-10-05 09:28:27', 'P00029'),
('2023-10-12 10:17:29', 'P00029'),
('2023-10-15 15:27:41', 'P00029'),
('2023-10-17 13:47:46', 'P00029'),
('2023-11-20 17:00:11', 'P00029'),
('2023-12-17 15:04:26', 'P00029'),
('2023-08-17 16:26:01', 'P00030'),
('2023-08-24 11:01:20', 'P00030'),
('2023-12-08 18:08:36', 'P00030'),
('2023-12-13 11:30:23', 'P00030'),
('2023-12-27 07:13:47', 'P00030'),
('2023-07-22 16:28:13', 'P00031'),
('2023-08-04 18:27:56', 'P00031'),
('2023-08-17 12:22:49', 'P00031'),
('2023-08-22 17:04:46', 'P00031'),
('2023-10-07 14:25:52', 'P00031'),
('2023-11-15 11:23:22', 'P00031'),
('2023-11-24 11:09:13', 'P00031'),
('2023-11-28 16:38:12', 'P00031'),
('2023-07-05 15:12:41', 'P00032'),
('2023-07-16 18:52:07', 'P00032'),
('2023-07-31 17:37:46', 'P00032'),
('2023-08-08 09:48:54', 'P00032'),
('2023-08-08 14:38:44', 'P00032'),
('2023-08-18 15:16:36', 'P00032'),
('2023-08-19 18:08:16', 'P00032'),
('2023-10-14 18:51:05', 'P00032'),
('2023-10-24 09:12:14', 'P00032'),
('2023-11-13 09:51:20', 'P00032'),
('2023-07-16 11:24:35', 'P00033'),
('2023-09-12 07:20:07', 'P00033'),
('2023-09-19 14:07:17', 'P00033'),
('2023-09-24 17:15:57', 'P00033'),
('2023-11-03 08:13:47', 'P00033'),
('2023-11-05 08:23:44', 'P00033'),
('2023-11-19 15:52:54', 'P00033'),
('2023-11-28 12:25:38', 'P00033'),
('2023-12-01 10:42:53', 'P00033'),
('2023-12-11 11:23:43', 'P00033'),
('2023-07-04 10:59:48', 'P00034'),
('2023-07-09 17:44:51', 'P00034'),
('2023-08-17 08:24:19', 'P00034'),
('2023-09-25 07:37:19', 'P00034'),
('2023-09-27 10:40:48', 'P00034'),
('2023-09-27 11:52:37', 'P00034'),
('2023-10-03 14:46:00', 'P00034'),
('2023-10-05 17:04:22', 'P00034'),
('2023-10-19 15:01:29', 'P00034'),
('2023-11-11 08:04:28', 'P00034'),
('2023-11-19 15:18:38', 'P00034'),
('2023-11-25 09:28:57', 'P00034'),
('2023-11-26 17:52:06', 'P00034'),
('2023-12-26 15:15:27', 'P00034'),
('2023-07-05 18:17:32', 'P00035'),
('2023-07-24 16:23:04', 'P00035'),
('2023-08-01 17:54:23', 'P00035'),
('2023-08-02 11:52:10', 'P00035'),
('2023-09-16 10:03:38', 'P00035'),
('2023-09-20 11:04:42', 'P00035'),
('2023-10-01 08:23:45', 'P00035'),
('2023-10-15 14:09:14', 'P00035'),
('2023-10-21 16:04:58', 'P00035'),
('2023-11-06 16:48:40', 'P00035'),
('2023-11-15 17:49:30', 'P00035'),
('2023-11-26 08:59:45', 'P00035'),
('2023-07-05 09:10:56', 'P00036'),
('2023-07-08 13:20:43', 'P00036'),
('2023-08-12 12:33:01', 'P00036'),
('2023-09-04 09:14:42', 'P00036'),
('2023-09-15 08:09:15', 'P00036'),
('2023-09-22 15:31:04', 'P00036'),
('2023-09-28 14:18:43', 'P00036'),
('2023-10-04 18:05:13', 'P00036'),
('2023-10-13 11:59:01', 'P00036'),
('2023-10-28 15:42:38', 'P00036'),
('2023-10-30 09:28:22', 'P00036'),
('2023-11-06 11:21:06', 'P00036'),
('2023-12-03 13:30:07', 'P00036'),
('2023-12-14 10:59:32', 'P00036'),
('2023-12-31 12:04:13', 'P00036'),
('2023-07-14 15:48:54', 'P00037'),
('2023-08-19 13:12:14', 'P00037'),
('2023-08-26 16:40:09', 'P00037'),
('2023-08-31 09:40:26', 'P00037'),
('2023-09-04 12:42:20', 'P00037'),
('2023-10-31 10:57:33', 'P00037'),
('2023-11-02 12:17:41', 'P00037'),
('2023-11-09 10:30:14', 'P00037'),
('2023-11-21 17:57:11', 'P00037'),
('2023-12-02 15:15:21', 'P00037'),
('2023-07-17 07:34:17', 'P00038'),
('2023-08-03 07:35:45', 'P00038'),
('2023-08-04 07:16:03', 'P00038'),
('2023-08-18 09:36:11', 'P00038'),
('2023-08-31 13:45:07', 'P00038'),
('2023-11-26 10:17:09', 'P00038'),
('2023-12-07 08:55:37', 'P00038'),
('2023-12-27 15:54:13', 'P00038'),
('2023-07-11 18:41:49', 'P00039'),
('2023-07-26 10:37:18', 'P00039'),
('2023-08-27 14:30:43', 'P00039'),
('2023-09-01 10:37:42', 'P00039'),
('2023-09-08 16:50:00', 'P00039'),
('2023-10-05 16:58:56', 'P00039'),
('2023-11-19 15:42:16', 'P00039'),
('2023-07-04 18:37:35', 'P00040'),
('2023-07-22 18:34:13', 'P00040'),
('2023-07-26 15:19:16', 'P00040'),
('2023-08-26 08:29:40', 'P00040'),
('2023-09-12 11:53:11', 'P00040'),
('2023-11-09 16:53:25', 'P00040'),
('2023-11-26 12:40:29', 'P00040'),
('2023-12-15 08:20:46', 'P00040'),
('2023-12-22 09:40:02', 'P00040'),
('2023-12-27 07:55:35', 'P00040'),
('2023-08-15 09:29:17', 'P00041'),
('2023-08-16 12:35:52', 'P00041'),
('2023-08-24 09:58:26', 'P00041'),
('2023-09-04 14:16:59', 'P00041'),
('2023-09-07 11:12:47', 'P00041'),
('2023-09-12 16:10:18', 'P00041'),
('2023-09-21 07:47:36', 'P00041'),
('2023-10-12 16:57:30', 'P00041'),
('2023-11-03 12:57:22', 'P00041'),
('2023-07-05 12:16:12', 'P00042'),
('2023-07-09 18:00:33', 'P00042'),
('2023-07-19 13:59:33', 'P00042'),
('2023-08-11 11:04:07', 'P00042'),
('2023-08-13 07:46:35', 'P00042'),
('2023-08-28 11:31:52', 'P00042'),
('2023-10-01 10:59:21', 'P00042'),
('2023-10-02 14:51:53', 'P00042'),
('2023-10-09 15:13:48', 'P00042'),
('2023-12-13 14:46:48', 'P00042'),
('2023-07-15 16:45:11', 'P00043'),
('2023-07-17 08:53:49', 'P00043'),
('2023-07-28 17:59:17', 'P00043'),
('2023-08-29 08:02:33', 'P00043'),
('2023-09-04 11:57:46', 'P00043'),
('2023-09-06 12:06:38', 'P00043'),
('2023-09-17 15:01:17', 'P00043'),
('2023-10-09 15:30:20', 'P00043'),
('2023-10-09 16:47:09', 'P00043'),
('2023-10-16 16:47:41', 'P00043'),
('2023-11-20 07:14:46', 'P00043'),
('2023-11-26 15:15:00', 'P00043'),
('2023-12-23 16:26:44', 'P00043'),
('2023-07-20 12:07:01', 'P00044'),
('2023-07-21 15:46:38', 'P00044'),
('2023-08-22 12:52:18', 'P00044'),
('2023-09-07 09:50:11', 'P00044'),
('2023-09-19 07:46:13', 'P00044'),
('2023-10-04 12:23:21', 'P00044'),
('2023-10-06 11:44:57', 'P00044'),
('2023-10-19 13:04:05', 'P00044'),
('2023-10-21 13:42:13', 'P00044'),
('2023-12-04 08:37:48', 'P00044'),
('2023-12-21 11:55:09', 'P00044'),
('2023-07-17 09:11:28', 'P00045'),
('2023-08-04 13:54:22', 'P00045'),
('2023-08-09 08:59:00', 'P00045'),
('2023-09-02 14:52:43', 'P00045'),
('2023-09-25 14:30:45', 'P00045'),
('2023-10-01 15:59:31', 'P00045'),
('2023-10-02 07:59:54', 'P00045'),
('2023-12-02 10:36:00', 'P00045'),
('2023-12-06 18:52:48', 'P00045'),
('2023-12-15 17:52:49', 'P00045'),
('2023-12-16 17:18:28', 'P00045'),
('2023-07-10 09:00:16', 'P00046'),
('2023-08-15 09:50:28', 'P00046'),
('2023-09-12 17:42:07', 'P00046'),
('2023-09-23 16:51:46', 'P00046'),
('2023-10-04 13:02:58', 'P00046'),
('2023-10-14 15:31:07', 'P00046'),
('2023-11-18 07:05:13', 'P00046'),
('2023-09-22 16:30:41', 'P00047'),
('2023-10-03 09:29:57', 'P00047'),
('2023-10-12 08:59:16', 'P00047'),
('2023-10-18 11:15:09', 'P00047'),
('2023-12-21 09:48:39', 'P00047'),
('2023-12-26 11:26:25', 'P00047'),
('2023-07-08 09:53:47', 'P00048'),
('2023-09-20 13:53:26', 'P00048'),
('2023-10-02 09:25:39', 'P00048'),
('2023-10-02 13:34:20', 'P00048'),
('2023-10-02 14:44:37', 'P00048'),
('2023-10-06 12:30:07', 'P00048'),
('2023-10-28 08:04:54', 'P00048'),
('2023-07-10 10:01:59', 'P00049'),
('2023-07-10 12:53:35', 'P00049'),
('2023-07-29 08:48:01', 'P00049'),
('2023-07-30 12:37:08', 'P00049'),
('2023-08-12 09:11:53', 'P00049'),
('2023-08-16 07:39:08', 'P00049'),
('2023-08-26 18:01:59', 'P00049'),
('2023-10-14 14:36:10', 'P00049'),
('2023-11-07 12:14:48', 'P00049'),
('2023-11-22 13:06:40', 'P00049'),
('2023-12-12 15:47:03', 'P00049'),
('2023-12-17 15:10:37', 'P00049'),
('2023-07-25 07:35:27', 'P00050'),
('2023-08-15 16:01:32', 'P00050'),
('2023-08-23 14:34:02', 'P00050'),
('2023-08-28 17:53:28', 'P00050'),
('2023-08-28 17:54:58', 'P00050'),
('2023-09-29 13:49:53', 'P00050'),
('2023-10-26 07:58:40', 'P00050'),
('2023-11-28 10:55:52', 'P00050'),
('2023-11-29 17:51:06', 'P00050'),
('2023-12-02 13:10:41', 'P00050'),
('2023-12-15 10:30:47', 'P00050'),
('2023-07-11 14:37:52', 'P00051'),
('2023-07-22 15:19:18', 'P00051'),
('2023-07-27 18:19:27', 'P00051'),
('2023-08-23 09:10:00', 'P00051'),
('2023-08-25 18:48:11', 'P00051'),
('2023-09-27 14:27:02', 'P00051'),
('2023-11-25 09:36:43', 'P00051'),
('2023-12-25 13:09:44', 'P00051'),
('2023-07-25 09:50:06', 'P00052'),
('2023-08-06 15:18:28', 'P00052'),
('2023-08-07 12:01:59', 'P00052'),
('2023-08-07 15:18:49', 'P00052'),
('2023-09-22 12:24:17', 'P00052'),
('2023-10-19 10:39:41', 'P00052'),
('2023-10-25 13:56:58', 'P00052'),
('2023-10-27 13:22:17', 'P00052'),
('2023-11-05 13:55:40', 'P00052'),
('2023-11-08 18:26:57', 'P00052'),
('2023-11-22 14:22:40', 'P00052'),
('2023-12-06 15:39:49', 'P00052'),
('2023-12-08 12:47:37', 'P00052'),
('2023-07-06 09:21:53', 'P00053'),
('2023-07-14 10:09:10', 'P00053'),
('2023-07-31 07:11:15', 'P00053'),
('2023-08-06 14:30:36', 'P00053'),
('2023-10-02 08:24:45', 'P00053'),
('2023-10-26 14:32:17', 'P00053'),
('2023-11-14 07:46:22', 'P00053'),
('2023-11-16 10:19:31', 'P00053'),
('2023-11-19 07:12:31', 'P00053'),
('2023-11-23 18:14:12', 'P00053'),
('2023-12-20 09:26:54', 'P00053'),
('2023-12-21 18:43:25', 'P00053'),
('2023-07-31 16:38:13', 'P00054'),
('2023-08-09 15:50:19', 'P00054'),
('2023-08-30 12:38:41', 'P00054'),
('2023-08-31 13:52:39', 'P00054'),
('2023-09-07 15:07:47', 'P00054'),
('2023-09-16 14:23:02', 'P00054'),
('2023-09-19 10:18:26', 'P00054'),
('2023-09-29 08:27:53', 'P00054'),
('2023-11-21 08:47:27', 'P00054'),
('2023-12-09 14:13:12', 'P00054'),
('2023-12-10 14:35:54', 'P00054'),
('2023-12-25 10:48:06', 'P00054'),
('2023-08-03 10:58:33', 'P00055'),
('2023-08-16 12:12:49', 'P00055'),
('2023-08-17 14:14:02', 'P00055'),
('2023-09-11 09:42:39', 'P00055'),
('2023-09-20 10:42:17', 'P00055'),
('2023-10-07 18:25:52', 'P00055'),
('2023-11-22 08:10:28', 'P00055'),
('2023-11-24 07:08:05', 'P00055'),
('2023-11-25 14:07:10', 'P00055'),
('2023-12-13 09:13:01', 'P00055'),
('2023-12-15 10:08:20', 'P00055'),
('2023-08-07 18:42:35', 'P00056'),
('2023-08-31 07:48:45', 'P00056'),
('2023-08-31 13:44:35', 'P00056'),
('2023-09-02 15:41:22', 'P00056'),
('2023-09-22 18:05:08', 'P00056'),
('2023-09-25 12:05:12', 'P00056'),
('2023-11-06 17:35:02', 'P00056'),
('2023-11-14 08:16:10', 'P00056'),
('2023-11-23 11:15:10', 'P00056'),
('2023-12-01 17:15:50', 'P00056'),
('2023-12-02 15:49:16', 'P00056'),
('2023-12-12 10:13:29', 'P00056'),
('2023-12-20 12:31:02', 'P00056'),
('2023-07-27 09:53:22', 'P00057'),
('2023-08-15 07:54:09', 'P00057'),
('2023-08-24 07:29:24', 'P00057'),
('2023-08-28 14:47:47', 'P00057'),
('2023-10-25 14:28:47', 'P00057'),
('2023-11-23 16:30:18', 'P00057'),
('2023-12-30 12:34:20', 'P00057'),
('2023-07-09 18:14:09', 'P00058'),
('2023-07-27 16:08:03', 'P00058'),
('2023-08-31 12:37:55', 'P00058'),
('2023-09-01 12:16:30', 'P00058'),
('2023-09-29 12:27:52', 'P00058'),
('2023-10-02 07:42:29', 'P00058'),
('2023-12-05 08:08:32', 'P00058'),
('2023-12-19 14:18:14', 'P00058'),
('2023-07-24 16:43:55', 'P00059'),
('2023-08-06 17:11:03', 'P00059'),
('2023-08-20 10:48:31', 'P00059'),
('2023-08-28 09:58:57', 'P00059'),
('2023-09-08 17:08:18', 'P00059'),
('2023-09-13 17:55:44', 'P00059'),
('2023-10-09 12:49:05', 'P00059'),
('2023-10-15 09:25:07', 'P00059'),
('2023-10-30 11:06:15', 'P00059'),
('2023-11-02 17:27:05', 'P00059'),
('2023-11-22 12:45:20', 'P00059'),
('2023-12-27 07:39:18', 'P00059'),
('2023-07-07 17:47:09', 'P00060'),
('2023-07-21 15:51:56', 'P00060'),
('2023-08-28 15:16:42', 'P00060'),
('2023-09-15 11:00:19', 'P00060'),
('2023-09-16 08:40:13', 'P00060'),
('2023-10-11 11:03:05', 'P00060'),
('2023-11-13 17:51:28', 'P00060'),
('2023-11-26 18:14:06', 'P00060'),
('2023-12-03 16:53:44', 'P00060'),
('2023-07-05 07:27:56', 'P00061'),
('2023-07-28 08:21:03', 'P00061'),
('2023-08-05 18:25:31', 'P00061'),
('2023-08-08 18:54:44', 'P00061'),
('2023-09-13 18:40:02', 'P00061'),
('2023-09-15 17:27:26', 'P00061'),
('2023-09-20 18:45:43', 'P00061'),
('2023-09-26 18:49:24', 'P00061'),
('2023-10-12 11:47:33', 'P00061'),
('2023-10-27 16:08:02', 'P00061'),
('2023-11-05 12:34:45', 'P00061'),
('2023-12-05 18:04:56', 'P00061'),
('2023-12-20 08:08:36', 'P00061'),
('2023-12-24 10:54:53', 'P00061'),
('2023-07-20 09:23:45', 'P00062'),
('2023-08-16 14:34:53', 'P00062'),
('2023-09-11 13:43:39', 'P00062'),
('2023-09-23 15:52:02', 'P00062'),
('2023-10-19 15:40:07', 'P00062'),
('2023-10-24 15:57:12', 'P00062'),
('2023-11-08 07:57:12', 'P00062'),
('2023-12-09 11:11:39', 'P00062'),
('2023-12-16 18:15:30', 'P00062'),
('2023-12-31 12:48:24', 'P00062'),
('2023-07-11 09:21:48', 'P00063'),
('2023-08-30 15:28:59', 'P00063'),
('2023-09-01 17:34:32', 'P00063'),
('2023-09-26 09:46:07', 'P00063'),
('2023-10-03 16:20:52', 'P00063'),
('2023-10-18 09:13:37', 'P00063'),
('2023-11-22 15:32:06', 'P00063'),
('2023-12-04 07:24:51', 'P00063'),
('2023-12-31 10:03:39', 'P00063'),
('2023-07-06 10:51:40', 'P00064'),
('2023-08-16 11:49:34', 'P00064'),
('2023-08-17 18:57:28', 'P00064'),
('2023-08-30 11:46:43', 'P00064'),
('2023-09-06 07:50:13', 'P00064'),
('2023-09-20 16:35:35', 'P00064'),
('2023-11-22 14:18:34', 'P00064'),
('2023-12-16 08:25:07', 'P00064'),
('2023-12-21 14:47:09', 'P00064'),
('2023-12-24 15:07:10', 'P00064'),
('2023-07-19 07:04:11', 'P00065'),
('2023-09-26 09:24:50', 'P00065'),
('2023-10-02 10:38:28', 'P00065'),
('2023-10-04 10:14:45', 'P00065'),
('2023-10-15 16:33:36', 'P00065'),
('2023-10-31 10:50:33', 'P00065'),
('2023-11-21 07:48:57', 'P00065'),
('2023-11-22 17:54:03', 'P00065'),
('2023-12-23 13:50:16', 'P00065'),
('2023-12-31 08:55:17', 'P00065'),
('2023-07-24 17:37:32', 'P00066'),
('2023-08-21 18:30:51', 'P00066'),
('2023-08-26 14:36:32', 'P00066'),
('2023-09-11 18:25:39', 'P00066'),
('2023-09-19 16:46:59', 'P00066'),
('2023-09-21 10:53:36', 'P00066'),
('2023-10-02 12:23:47', 'P00066'),
('2023-11-21 18:17:57', 'P00066'),
('2023-11-30 17:54:19', 'P00066'),
('2023-07-06 10:05:26', 'P00067'),
('2023-07-29 07:45:11', 'P00067'),
('2023-09-02 13:00:07', 'P00067'),
('2023-09-03 14:13:08', 'P00067'),
('2023-09-15 07:12:22', 'P00067'),
('2023-09-21 09:17:12', 'P00067'),
('2023-09-26 14:33:45', 'P00067'),
('2023-11-26 17:12:40', 'P00067'),
('2023-12-22 18:44:23', 'P00067'),
('2023-12-29 13:20:26', 'P00067'),
('2023-08-27 07:15:23', 'P00068'),
('2023-09-11 16:40:28', 'P00068'),
('2023-09-20 12:48:02', 'P00068'),
('2023-09-24 15:04:46', 'P00068'),
('2023-12-05 07:21:31', 'P00068'),
('2023-12-30 15:54:16', 'P00068'),
('2023-08-17 16:30:16', 'P00069'),
('2023-10-23 07:55:56', 'P00069'),
('2023-10-28 10:22:48', 'P00069'),
('2023-11-10 15:36:37', 'P00069'),
('2023-11-12 15:03:22', 'P00069'),
('2023-11-14 10:59:17', 'P00069'),
('2023-11-22 15:48:11', 'P00069'),
('2023-12-29 12:13:53', 'P00069'),
('2023-07-26 10:56:32', 'P00070'),
('2023-07-28 12:26:43', 'P00070'),
('2023-08-21 18:07:53', 'P00070'),
('2023-10-18 10:35:20', 'P00070'),
('2023-10-19 07:51:57', 'P00070'),
('2023-10-26 13:17:11', 'P00070'),
('2023-10-30 10:46:15', 'P00070'),
('2023-12-27 11:35:02', 'P00070'),
('2023-07-11 16:29:53', 'P00071'),
('2023-07-15 12:37:00', 'P00071'),
('2023-08-22 07:11:42', 'P00071'),
('2023-08-25 18:45:16', 'P00071'),
('2023-08-30 15:40:28', 'P00071'),
('2023-09-19 17:08:05', 'P00071'),
('2023-09-20 13:08:00', 'P00071'),
('2023-09-23 07:49:45', 'P00071'),
('2023-09-24 12:56:08', 'P00071'),
('2023-09-24 17:31:26', 'P00071'),
('2023-10-11 18:57:40', 'P00071'),
('2023-10-25 07:52:32', 'P00071'),
('2023-12-02 11:19:41', 'P00071'),
('2023-12-03 13:05:19', 'P00071'),
('2023-12-09 13:33:22', 'P00071'),
('2023-12-20 07:14:50', 'P00071'),
('2023-12-24 10:24:53', 'P00071'),
('2023-07-19 07:50:54', 'P00072'),
('2023-07-26 16:29:06', 'P00072'),
('2023-08-06 14:49:42', 'P00072'),
('2023-09-12 18:45:34', 'P00072'),
('2023-09-16 15:45:00', 'P00072'),
('2023-09-19 14:12:51', 'P00072'),
('2023-12-21 14:13:20', 'P00072'),
('2023-07-06 07:45:53', 'P00073'),
('2023-08-04 16:01:15', 'P00073'),
('2023-08-13 10:02:30', 'P00073'),
('2023-08-26 13:15:06', 'P00073'),
('2023-08-31 13:53:44', 'P00073'),
('2023-09-26 15:29:38', 'P00073'),
('2023-10-31 13:11:40', 'P00073'),
('2023-11-20 09:06:41', 'P00073'),
('2023-12-16 12:22:57', 'P00073'),
('2023-07-13 09:07:03', 'P00074'),
('2023-07-18 09:20:11', 'P00074'),
('2023-07-31 07:08:55', 'P00074'),
('2023-08-10 07:08:40', 'P00074'),
('2023-10-19 07:02:19', 'P00074'),
('2023-11-04 17:01:33', 'P00074'),
('2023-11-16 16:09:30', 'P00074'),
('2023-12-01 13:19:32', 'P00074'),
('2023-08-28 14:24:30', 'P00075'),
('2023-08-30 16:37:13', 'P00075'),
('2023-09-09 13:49:28', 'P00075'),
('2023-11-14 17:06:09', 'P00075'),
('2023-12-11 10:39:07', 'P00075'),
('2023-12-17 15:58:42', 'P00075'),
('2023-12-19 16:15:33', 'P00075'),
('2023-12-26 17:44:23', 'P00075'),
('2023-07-04 12:55:19', 'P00076'),
('2023-07-07 14:10:46', 'P00076'),
('2023-07-25 12:37:43', 'P00076'),
('2023-08-06 13:14:05', 'P00076'),
('2023-08-18 18:23:31', 'P00076'),
('2023-08-20 17:47:00', 'P00076'),
('2023-09-30 07:01:59', 'P00076'),
('2023-10-31 07:13:13', 'P00076'),
('2023-11-10 16:02:32', 'P00076'),
('2023-12-12 17:49:05', 'P00076'),
('2023-12-19 13:25:34', 'P00076'),
('2023-07-19 07:05:04', 'P00077'),
('2023-08-26 10:31:18', 'P00077'),
('2023-09-12 15:34:48', 'P00077'),
('2023-09-17 14:46:50', 'P00077'),
('2023-10-14 14:39:12', 'P00077'),
('2023-10-21 10:52:36', 'P00077'),
('2023-11-11 10:32:13', 'P00077'),
('2023-12-02 08:25:30', 'P00077'),
('2023-07-04 09:26:57', 'P00078'),
('2023-07-19 15:30:43', 'P00078'),
('2023-07-22 10:12:09', 'P00078'),
('2023-08-08 10:13:38', 'P00078'),
('2023-09-20 08:19:17', 'P00078'),
('2023-09-21 17:46:34', 'P00078'),
('2023-10-13 07:44:14', 'P00078'),
('2023-11-10 09:16:42', 'P00078'),
('2023-12-04 12:26:59', 'P00078'),
('2023-12-10 08:55:52', 'P00078'),
('2023-12-11 16:02:44', 'P00078'),
('2023-09-06 07:01:27', 'P00079'),
('2023-09-17 11:35:37', 'P00079'),
('2023-10-03 14:54:45', 'P00079'),
('2023-10-08 16:51:08', 'P00079'),
('2023-11-02 07:00:47', 'P00079'),
('2023-11-11 13:32:58', 'P00079'),
('2023-11-25 13:40:41', 'P00079'),
('2023-12-22 08:38:35', 'P00079'),
('2023-07-15 09:33:15', 'P00080'),
('2023-07-31 07:25:10', 'P00080'),
('2023-08-03 09:55:04', 'P00080'),
('2023-08-12 09:27:40', 'P00080'),
('2023-09-05 16:04:47', 'P00080'),
('2023-10-24 11:56:46', 'P00080'),
('2023-11-06 12:07:05', 'P00080'),
('2023-11-06 12:07:21', 'P00080'),
('2023-11-16 07:25:19', 'P00080'),
('2023-12-08 12:35:35', 'P00080'),
('2023-12-26 08:53:28', 'P00080'),
('2023-07-13 10:14:03', 'P00081'),
('2023-07-18 16:24:20', 'P00081'),
('2023-07-23 18:23:49', 'P00081'),
('2023-08-22 16:47:46', 'P00081'),
('2023-09-28 14:20:06', 'P00081'),
('2023-10-26 11:36:36', 'P00081'),
('2023-10-26 14:15:29', 'P00081'),
('2023-10-30 08:43:03', 'P00081'),
('2023-11-28 10:31:43', 'P00081'),
('2023-07-22 15:07:23', 'P00082'),
('2023-08-02 18:35:14', 'P00082'),
('2023-08-03 11:15:02', 'P00082'),
('2023-08-17 14:26:52', 'P00082'),
('2023-08-22 09:17:19', 'P00082'),
('2023-09-03 11:10:41', 'P00082'),
('2023-09-21 12:47:00', 'P00082'),
('2023-09-22 07:20:17', 'P00082'),
('2023-09-24 17:28:40', 'P00082'),
('2023-10-26 10:18:51', 'P00082'),
('2023-10-31 17:07:29', 'P00082'),
('2023-11-01 09:32:09', 'P00082'),
('2023-11-10 16:35:48', 'P00082'),
('2023-11-19 07:32:49', 'P00082'),
('2023-11-29 15:20:47', 'P00082'),
('2023-12-23 10:08:15', 'P00082'),
('2023-07-23 09:39:38', 'P00083'),
('2023-08-21 10:50:38', 'P00083'),
('2023-09-29 18:15:37', 'P00083'),
('2023-10-16 08:19:37', 'P00083'),
('2023-10-18 10:39:42', 'P00083'),
('2023-11-06 15:16:07', 'P00083'),
('2023-11-30 12:17:51', 'P00083'),
('2023-11-30 14:43:22', 'P00083'),
('2023-12-15 16:43:29', 'P00083'),
('2023-07-26 17:01:30', 'P00084'),
('2023-07-31 15:42:16', 'P00084'),
('2023-08-01 13:27:12', 'P00084'),
('2023-08-06 10:11:14', 'P00084'),
('2023-08-28 17:27:04', 'P00084'),
('2023-09-24 18:02:59', 'P00084'),
('2023-10-31 13:29:23', 'P00084'),
('2023-11-16 16:06:41', 'P00084'),
('2023-12-17 11:58:15', 'P00084'),
('2023-12-18 15:55:09', 'P00084'),
('2023-12-28 09:53:51', 'P00084'),
('2023-07-14 13:18:57', 'P00085'),
('2023-08-04 08:37:55', 'P00085'),
('2023-08-19 15:45:46', 'P00085'),
('2023-08-27 10:43:28', 'P00085'),
('2023-09-07 09:14:56', 'P00085'),
('2023-09-14 08:05:29', 'P00085'),
('2023-09-25 18:48:48', 'P00085'),
('2023-10-03 18:01:19', 'P00085'),
('2023-10-11 18:34:57', 'P00085'),
('2023-10-17 15:27:32', 'P00085'),
('2023-10-26 09:29:51', 'P00085'),
('2023-11-12 16:36:20', 'P00085'),
('2023-11-23 08:23:22', 'P00085'),
('2023-11-27 14:50:56', 'P00085'),
('2023-12-04 07:35:28', 'P00085'),
('2023-12-12 11:10:40', 'P00085'),
('2023-07-17 07:59:30', 'P00086'),
('2023-07-23 09:00:05', 'P00086'),
('2023-08-07 10:41:45', 'P00086'),
('2023-08-09 12:47:21', 'P00086'),
('2023-08-18 18:46:39', 'P00086'),
('2023-09-15 14:41:19', 'P00086'),
('2023-10-13 12:00:29', 'P00086'),
('2023-11-06 07:54:19', 'P00086'),
('2023-11-08 08:40:24', 'P00086'),
('2023-11-09 15:41:01', 'P00086'),
('2023-12-08 16:43:04', 'P00086'),
('2023-10-19 08:03:24', 'P00087'),
('2023-10-20 16:34:29', 'P00087'),
('2023-10-29 15:37:08', 'P00087'),
('2023-11-05 11:17:27', 'P00087'),
('2023-12-04 10:12:51', 'P00087'),
('2023-12-10 11:03:32', 'P00087'),
('2023-07-05 07:07:11', 'P00088'),
('2023-08-19 11:43:15', 'P00088'),
('2023-08-22 09:35:31', 'P00088'),
('2023-08-22 18:41:33', 'P00088'),
('2023-08-29 12:40:08', 'P00088'),
('2023-09-15 15:39:36', 'P00088'),
('2023-09-17 18:43:08', 'P00088'),
('2023-09-28 16:56:33', 'P00088'),
('2023-10-06 17:27:33', 'P00088'),
('2023-10-06 18:43:56', 'P00088'),
('2023-10-10 18:04:38', 'P00088'),
('2023-12-06 13:04:21', 'P00088'),
('2023-12-10 13:21:07', 'P00088'),
('2023-12-17 07:21:02', 'P00088'),
('2023-07-17 15:17:47', 'P00089'),
('2023-08-25 17:00:52', 'P00089'),
('2023-09-28 17:27:04', 'P00089'),
('2023-09-29 13:07:23', 'P00089'),
('2023-10-24 18:40:46', 'P00089'),
('2023-12-18 17:34:16', 'P00089'),
('2023-07-08 13:03:58', 'P00090'),
('2023-07-14 13:58:11', 'P00090'),
('2023-07-18 11:17:34', 'P00090'),
('2023-07-22 08:53:29', 'P00090'),
('2023-08-02 18:40:40', 'P00090'),
('2023-08-03 12:27:21', 'P00090'),
('2023-08-09 14:01:49', 'P00090'),
('2023-08-15 12:34:53', 'P00090'),
('2023-09-22 09:15:41', 'P00090'),
('2023-09-26 07:20:51', 'P00090'),
('2023-10-17 10:40:28', 'P00090'),
('2023-10-28 18:15:11', 'P00090'),
('2023-07-05 16:09:06', 'P00091'),
('2023-07-12 11:33:40', 'P00091'),
('2023-07-30 18:38:17', 'P00091'),
('2023-09-13 16:48:17', 'P00091'),
('2023-12-03 07:14:33', 'P00091'),
('2023-12-09 10:56:04', 'P00091'),
('2023-07-15 09:42:01', 'P00092'),
('2023-08-18 10:38:28', 'P00092'),
('2023-08-30 11:57:59', 'P00092'),
('2023-09-19 12:15:22', 'P00092'),
('2023-09-30 17:33:49', 'P00092'),
('2023-10-05 11:12:45', 'P00092'),
('2023-10-05 15:48:42', 'P00092'),
('2023-10-11 12:56:17', 'P00092'),
('2023-10-14 07:12:56', 'P00092'),
('2023-11-01 13:25:22', 'P00092'),
('2023-12-25 16:55:21', 'P00092'),
('2023-08-11 14:42:04', 'P00093'),
('2023-08-16 08:23:53', 'P00093'),
('2023-09-29 11:25:53', 'P00093'),
('2023-10-06 15:56:00', 'P00093'),
('2023-07-17 15:56:05', 'P00094'),
('2023-08-07 08:29:11', 'P00094'),
('2023-10-30 13:03:38', 'P00094'),
('2023-12-15 16:31:19', 'P00094'),
('2023-12-29 16:20:20', 'P00094'),
('2023-07-05 18:28:12', 'P00095'),
('2023-09-20 10:32:08', 'P00095'),
('2023-10-03 11:32:43', 'P00095'),
('2023-10-06 16:07:56', 'P00095'),
('2023-10-22 07:17:30', 'P00095'),
('2023-10-28 08:36:30', 'P00095'),
('2023-12-17 15:47:15', 'P00095'),
('2023-12-17 15:58:13', 'P00095'),
('2023-07-16 07:49:21', 'P00096'),
('2023-08-03 07:53:23', 'P00096'),
('2023-08-20 12:32:30', 'P00096'),
('2023-08-30 08:44:37', 'P00096'),
('2023-09-14 13:41:38', 'P00096'),
('2023-09-26 12:04:16', 'P00096'),
('2023-11-17 13:33:35', 'P00096'),
('2023-12-18 12:26:21', 'P00096'),
('2023-12-26 18:05:30', 'P00096'),
('2023-12-28 15:36:47', 'P00096'),
('2023-07-17 11:06:38', 'P00097'),
('2023-08-13 15:29:45', 'P00097'),
('2023-09-08 18:16:37', 'P00097'),
('2023-09-16 14:01:23', 'P00097'),
('2023-10-02 13:49:03', 'P00097'),
('2023-11-23 11:23:25', 'P00097'),
('2023-12-23 09:28:11', 'P00097'),
('2023-08-10 10:08:40', 'P00098'),
('2023-08-19 10:00:15', 'P00098'),
('2023-08-19 13:09:53', 'P00098'),
('2023-09-11 10:50:42', 'P00098'),
('2023-09-16 15:36:08', 'P00098'),
('2023-10-02 18:34:23', 'P00098'),
('2023-11-13 13:32:51', 'P00098'),
('2023-11-22 17:56:53', 'P00098'),
('2023-11-25 08:06:14', 'P00098'),
('2023-11-28 16:48:33', 'P00098'),
('2023-12-06 14:09:05', 'P00098'),
('2023-12-18 11:51:30', 'P00098'),
('2023-12-30 15:48:26', 'P00098'),
('2023-07-12 07:46:56', 'P00099'),
('2023-07-19 17:26:51', 'P00099'),
('2023-07-30 15:48:24', 'P00099'),
('2023-08-02 17:28:03', 'P00099'),
('2023-08-27 08:25:35', 'P00099'),
('2023-10-04 17:57:02', 'P00099'),
('2023-11-25 13:26:55', 'P00099'),
('2023-12-02 16:06:25', 'P00099'),
('2023-08-07 11:54:07', 'P00100'),
('2023-08-12 14:43:07', 'P00100'),
('2023-08-22 10:21:02', 'P00100'),
('2023-08-23 08:49:26', 'P00100'),
('2023-09-02 15:12:11', 'P00100'),
('2023-09-04 09:46:53', 'P00100'),
('2023-09-21 10:53:43', 'P00100'),
('2023-10-11 11:51:37', 'P00100'),
('2023-11-15 11:34:19', 'P00100'),
('2023-11-20 09:50:21', 'P00100'),
('2023-11-28 10:04:17', 'P00100'),
('2023-12-02 08:01:22', 'P00100'),
('2023-12-10 14:05:57', 'P00100'),
('2023-12-12 15:44:41', 'P00100'),
('2023-12-15 17:54:36', 'P00100'),
('2023-12-28 12:40:08', 'P00100');

-- Muhammad Nabil Afrizal Rahmadani 5025231014
-- Tabel keanggotaan
INSERT INTO `keanggotaan` (`id_anggota`, `nrp`, `email`, `jurusan`, `tanggal_lahir`, `jenis_kelamin`, `id_pengunjung`) VALUES
('A001', '5025231013', '5025231013@student.its.ac.id', 'S-1 Teknik Informatika', '2004-11-02', 'L', 'P00001'),
('A002', '5025231014', '5025231014@student.its.ac.id', 'S-1 Teknik Informatika', '2005-11-05', 'L', 'P00002'),
('A003', '5025231015', '5025231015@student.its.ac.id', 'S-1 Teknik Informatika', '2004-02-24', 'L', 'P00003'),
('A004', '5025231020', '5025231020@student.its.ac.id', 'S-1 Teknik Informatika', '2004-10-07', 'L', 'P00004'),
('A005', '5025231030', '5025231030@student.its.ac.id', 'S-1 Teknik Informatika', '2005-01-12', 'L', 'P00005'),
('A006', '5025231015', '5025231015@student.its.ac.id', 'S-1 Teknik Informatika', '2005-10-22', 'L', 'P00006'),
('A007', '5025231017', '5025231017@student.its.ac.id', 'S-1 Teknik Informatika', '2004-11-11', 'L', 'P00007'),
('A008', '5025231018', '5025231018@student.its.ac.id', 'S-1 Teknik Informatika', '2004-04-12', 'P', 'P00008'),
('A009', '5025231019', '5025231019@student.its.ac.id', 'S-1 Teknik Informatika', '2004-10-25', 'L', 'P00009'),
('A010', '5025231023', '5025231023@student.its.ac.id', 'S-1 Teknik Informatika', '2004-12-29', 'L', 'P00010'),
('A011', '5022231011', '5022231011@student.its.ac.id', 'S-1 Teknik Elektro', '2005-06-03', 'P', 'P00011'),
('A012', '5022231012', '5022231012@student.its.ac.id', 'S-1 Teknik Elektro', '2005-07-07', 'L', 'P00012'),
('A013', '5022231013', '5022231013@student.its.ac.id', 'S-1 Teknik Elektro', '2005-04-09', 'L', 'P00013'),
('A014', '5022231014', '5022231014@student.its.ac.id', 'S-1 Teknik Elektro', '2004-07-16', 'P', 'P00014'),
('A015', '5022231015', '5022231015@student.its.ac.id', 'S-1 Teknik Elektro', '2004-05-06', 'L', 'P00015'),
('A016', '5022231016', '5022231016@student.its.ac.id', 'S-1 Teknik Elektro', '2004-11-02', 'P', 'P00016'),
('A017', '5022231017', '5022231017@student.its.ac.id', 'S-1 Teknik Elektro', '2005-09-26', 'P', 'P00017'),
('A018', '5022231018', '5022231018@student.its.ac.id', 'S-1 Teknik Elektro', '2004-10-19', 'P', 'P00018'),
('A019', '5022231019', '5022231019@student.its.ac.id', 'S-1 Teknik Elektro', '2005-02-19', 'P', 'P00019'),
('A020', '5022231020', '5022231020@student.its.ac.id', 'S-1 Teknik Elektro', '2005-07-15', 'L', 'P00020'),
('A021', '5010231011', '5010231011@student.its.ac.id', 'S-1 Teknik Industri', '2005-02-04', 'L', 'P00021'),
('A022', '5010231012', '5010231012@student.its.ac.id', 'S-1 Teknik Industri', '2004-06-14', 'L', 'P00022'),
('A023', '5010231013', '5010231013@student.its.ac.id', 'S-1 Teknik Industri', '2005-02-20', 'P', 'P00023'),
('A024', '5010231014', '5010231014@student.its.ac.id', 'S-1 Teknik Industri', '2004-06-02', 'L', 'P00024'),
('A025', '5010231015', '5010231015@student.its.ac.id', 'S-1 Teknik Industri', '2005-03-16', 'L', 'P00025'),
('A026', '5010231016', '5010231016@student.its.ac.id', 'S-1 Teknik Industri', '2004-05-12', 'P', 'P00026'),
('A027', '5010231017', '5010231017@student.its.ac.id', 'S-1 Teknik Industri', '2005-03-10', 'L', 'P00027'),
('A028', '5010231018', '5010231018@student.its.ac.id', 'S-1 Teknik Industri', '2005-03-01', 'L', 'P00028'),
('A029', '5010231019', '5010231019@student.its.ac.id', 'S-1 Teknik Industri', '2005-09-18', 'P', 'P00029'),
('A030', '5010231020', '5010231020@student.its.ac.id', 'S-1 Teknik Industri', '2004-07-30', 'L', 'P00030'),
('A031', '5007231011', '5007231011@student.its.ac.id', 'S-1 Teknik Mesin', '2005-09-24', 'P', 'P00031'),
('A032', '5007231012', '5007231012@student.its.ac.id', 'S-1 Teknik Mesin', '2004-01-30', 'P', 'P00032'),
('A033', '5007231013', '5007231013@student.its.ac.id', 'S-1 Teknik Mesin', '2005-11-01', 'L', 'P00033'),
('A034', '5007231014', '5007231014@student.its.ac.id', 'S-1 Teknik Mesin', '2004-08-07', 'L', 'P00034'),
('A035', '5007231015', '5007231015@student.its.ac.id', 'S-1 Teknik Mesin', '2005-04-04', 'L', 'P00035'),
('A036', '5007231016', '5007231016@student.its.ac.id', 'S-1 Teknik Mesin', '2004-08-22', 'L', 'P00036'),
('A037', '5007231017', '5007231017@student.its.ac.id', 'S-1 Teknik Mesin', '2005-10-05', 'L', 'P00037'),
('A038', '5007231018', '5007231018@student.its.ac.id', 'S-1 Teknik Mesin', '2004-10-30', 'L', 'P00038'),
('A039', '5007231019', '5007231019@student.its.ac.id', 'S-1 Teknik Mesin', '2005-05-01', 'L', 'P00039'),
('A040', '5007231020', '5007231020@student.its.ac.id', 'S-1 Teknik Mesin', '2004-08-22', 'P', 'P00040'),
('A041', '5019231011', '5019231011@student.its.ac.id', 'S-1 Teknik Sistem Perkapalan', '2005-09-17', 'P', 'P00041'),
('A042', '5019231012', '5019231012@student.its.ac.id', 'S-1 Teknik Sistem Perkapalan', '2004-01-05', 'P', 'P00042'),
('A043', '5019231013', '5019231013@student.its.ac.id', 'S-1 Teknik Sistem Perkapalan', '2004-02-11', 'P', 'P00043'),
('A044', '5019231014', '5019231014@student.its.ac.id', 'S-1 Teknik Sistem Perkapalan', '2005-04-26', 'P', 'P00044'),
('A045', '5019231015', '5019231015@student.its.ac.id', 'S-1 Teknik Sistem Perkapalan', '2005-01-19', 'L', 'P00045'),
('A046', '5019231016', '5019231016@student.its.ac.id', 'S-1 Teknik Sistem Perkapalan', '2005-07-14', 'L', 'P00046'),
('A047', '5019231017', '5019231017@student.its.ac.id', 'S-1 Teknik Sistem Perkapalan', '2005-06-10', 'L', 'P00047'),
('A048', '5019231018', '5019231018@student.its.ac.id', 'S-1 Teknik Sistem Perkapalan Joint Degree', '2005-04-03', 'P', 'P00048'),
('A049', '5019231019', '5019231019@student.its.ac.id', 'S-1 Teknik Sistem Perkapalan Joint Degree', '2005-06-12', 'L', 'P00049'),
('A050', '5019231020', '5019231020@student.its.ac.id', 'S-1 Teknik Sistem Perkapalan Joint Degree', '2005-01-20', 'L', 'P00050'),
('A051', '5012231011', '5012231011@student.its.ac.id', 'S-1 Teknik Sipil', '2004-10-19', 'P', 'P00051'),
('A052', '5012231012', '5012231012@student.its.ac.id', 'S-1 Teknik Sipil', '2005-10-05', 'P', 'P00052'),
('A053', '5012231013', '5012231013@student.its.ac.id', 'S-1 Teknik Sipil', '2004-11-28', 'L', 'P00053'),
('A054', '5012231014', '5012231014@student.its.ac.id', 'S-1 Teknik Sipil', '2004-04-30', 'L', 'P00054'),
('A055', '5012231015', '5012231015@student.its.ac.id', 'S-1 Teknik Sipil', '2005-11-15', 'P', 'P00055'),
('A056', '5012231016', '5012231016@student.its.ac.id', 'S-1 Teknik Sipil', '2004-01-06', 'P', 'P00056'),
('A057', '5012231017', '5012231017@student.its.ac.id', 'S-1 Teknik Sipil', '2005-10-08', 'P', 'P00057'),
('A058', '5012231018', '5012231018@student.its.ac.id', 'S-1 Teknik Sipil', '2005-05-16', 'P', 'P00058'),
('A059', '5012231019', '5012231019@student.its.ac.id', 'S-1 Teknik Sipil', '2004-01-09', 'L', 'P00059'),
('A060', '5012231020', '5012231020@student.its.ac.id', 'S-1 Teknik Sipil', '2005-09-30', 'L', 'P00060'),
('A061', '5027231011', '5027231011@student.its.ac.id', 'S-1 Teknologi Informasi', '2005-09-28', 'L', 'P00061'),
('A062', '5027231012', '5027231012@student.its.ac.id', 'S-1 Teknologi Informasi', '2004-06-15', 'P', 'P00062'),
('A063', '5027231013', '5027231013@student.its.ac.id', 'S-1 Teknologi Informasi', '2004-05-15', 'L', 'P00063'),
('A064', '5027231014', '5027231014@student.its.ac.id', 'S-1 Teknologi Informasi', '2004-06-12', 'L', 'P00064'),
('A065', '5027231015', '5027231015@student.its.ac.id', 'S-1 Teknologi Informasi', '2005-05-16', 'P', 'P00065'),
('A066', '5027231016', '5027231016@student.its.ac.id', 'S-1 Teknologi Informasi', '2004-01-16', 'L', 'P00066'),
('A067', '5027231017', '5027231017@student.its.ac.id', 'S-1 Teknologi Informasi', '2005-09-01', 'P', 'P00067'),
('A068', '5027231018', '5027231018@student.its.ac.id', 'S-1 Teknologi Informasi', '2005-07-20', 'P', 'P00068'),
('A069', '5027231019', '5027231019@student.its.ac.id', 'S-1 Teknologi Informasi', '2004-08-11', 'P', 'P00069'),
('A070', '5027231020', '5027231020@student.its.ac.id', 'S-1 Teknologi Informasi', '2005-05-12', 'P', 'P00070'),
('A071', '5006231011', '5006231011@student.its.ac.id', 'S-1 Sains Aktuaria', '2004-11-29', 'L', 'P00071'),
('A072', '5006231012', '5006231012@student.its.ac.id', 'S-1 Sains Aktuaria', '2005-01-26', 'L', 'P00072'),
('A073', '5006231013', '5006231013@student.its.ac.id', 'S-1 Sains Aktuaria', '2004-04-08', 'P', 'P00073'),
('A074', '5006231014', '5006231014@student.its.ac.id', 'S-1 Sains Aktuaria', '2004-12-05', 'P', 'P00074'),
('A075', '5006231015', '5006231015@student.its.ac.id', 'S-1 Sains Aktuaria', '2004-07-05', 'L', 'P00075'),
('A076', '5006231016', '5006231016@student.its.ac.id', 'S-1 Sains Aktuaria', '2005-07-31', 'L', 'P00076'),
('A077', '5006231017', '5006231017@student.its.ac.id', 'S-1 Sains Aktuaria', '2005-08-14', 'P', 'P00077'),
('A078', '5006231018', '5006231018@student.its.ac.id', 'S-1 Sains Aktuaria', '2005-01-08', 'P', 'P00078'),
('A079', '5006231019', '5006231019@student.its.ac.id', 'S-1 Sains Aktuaria', '2004-03-15', 'P', 'P00079'),
('A080', '5006231020', '5006231020@student.its.ac.id', 'S-1 Sains Aktuaria', '2005-06-29', 'P', 'P00080'),
('A081', NULL, 'putriaulia@gmail.com', NULL, '2004-11-01', 'P', 'P00082'),
('A082', NULL, 'fajarsetiawan@gmail.com', NULL, '2005-12-05', 'L', 'P00085'),
('A083', NULL, 'AnisaFitriani@gmail.com', NULL, '2004-03-16', 'P', 'P00086'),
('A084', NULL, 'RatnaSari@gmail.com', NULL, '2004-11-05', 'P', 'P00090'),
('A085', NULL, 'NitaSeptiani@gmail.com', NULL, '2004-09-12', 'P', 'P00092');

-- Muhammad Ryan Fikri Nugraha 5025231013
-- tabel pegawai
INSERT INTO `pegawai` (`id_pegawai`, `nama_pegawai`, `tanggal_lahir`, `email_pegawai`, `no_telp`, `jabatan`) VALUES
('PGW001', 'Edy Suprayitno, SS, M.HUM', '1989-08-16', 'EdySuprayitno1@gmail.com', '081234567890', 'Kepala Perpustakaan'),
('PGW002', 'Tjatwari Atisoendari, S. Sos., M.Si.', '1978-11-08', 'TjatwariAtisoendari2@gmail.com', '085432109876', 'Kasubbag LPP'),
('PGW003', 'Ansi Aflacha, A.Md', '1998-01-14', 'AnsiAflacha3@gmail.com', '082109876543', 'Pengadministrasi Perpustakaan'),
('PGW004', 'Mujiana', '1974-03-21', 'Mujiana4@gmail.com', '086789012345', 'Pengadministrasi Barang Milik Negara'),
('PGW005', 'Patimah', '1983-10-19', 'Patimah5@gmail.com', '084567890123', 'Pengelola Keuangan'),
('PGW006', 'Tondo Indra Nyata', '1967-07-07', 'TondoIndraNyata7@gmail.com', '083210987654', 'Pengelola Instalasi Teknologi Informasi'),
('PGW007', 'Ahmad Hafid', '1991-08-25', 'AhmadHafid8@gmail.com', '080123456789', 'Pramu Bakti'),
('PGW008', 'Sukur', '1976-12-02', 'Sukur9@gmail.com', '087654321098', 'Pramu Bakti'),
('PGW009', 'Fahrul Rizal', '1970-09-28', 'FahrulRizal10@gmail.com', '080123456789', 'Teknisi Pemeliharaan Sarana dan Prasarana (Pusat)'),
('PGW010', 'Davi Wahyuni, S.Sos', '1973-04-18', 'DaviWahyuni11@gmail.com', '086789012345', 'Pustakawan Madya'),
('PGW011', 'Eko Budi Rahardjo, S.Sos', '1984-06-11', 'EkoBudiRahardjo12@gmail.com', '085432109876', 'Pustakawan Muda'),
('PGW012', 'Agus Setiawan, S.E.', '1981-05-08', 'AgusSetiawan13@gmail.com', '082109876543', 'Pustakawan Muda'),
('PGW013', 'Gunawan', '1980-01-12', 'Gunawan14@gmail.com', '084567890123', 'Pustakawan Muda'),
('PGW014', 'Anis Wulandari, A.md', '1973-05-05', 'AnisWulandari15@gmail.com', '083210987654', 'Pengadministrasi Perpustakaan'),
('PGW015', 'Nurul Hudah', '1968-09-20', 'NurulHudah16@gmail.com', '088765432109', 'Pustakawan Mahir'),
('PGW016', 'Totok Setiawan, A.Md', '1992-08-09', 'TotokSetiawan17@gmail.com', '089012345678', 'Pustakawan Pelaksana'),
('PGW017', 'Eko Sulistiono', '1977-03-17', 'EkoSulistiono18@gmail.com', '081234567890', 'Pustakawan Mahir'),
('PGW018', 'Budi Hartanto', '1985-06-30', 'BudiHartanto19@gmail.com', '087890123456', 'Pustakawan Pelaksana Lanjutan'),
('PGW019', 'Dwi Kurnia P', '1988-11-22', 'DwiKurniaP20@gmail.com', '086543210987', 'Supervisor senior bidang Layanan'),
('PGW020', 'Zamrud Mufida, S.Sos', '1972-04-14', 'ZamrudMufida21@gmail.com', '084321098765', 'Pustakawan Muda'),
('PGW021', 'Marsudiana, S.Sos', '1987-10-03', 'Marsudiana22@gmail.com', '083456789012', 'Pustakawan Penyelia'),
('PGW022', 'Sumarmi', '1995-07-18', 'Sumarmi23@gmail.com', '080987654321', 'Pengadministrasi Perpustakaan'),
('PGW023', 'Sugiono', '1965-12-09', 'Sugiono24@gmail.com', '082345678901', 'Pustakawan Pelaksana'),
('PGW024', 'Wan Juniarto', '1979-02-27', 'WanJuniarto25@gmail.com', '089876543210', 'Pustakawan Pelaksana'),
('PGW025', 'Hendra Albadri', '1971-08-05', 'HendraAlbadri26@gmail.com', '081098765432', 'Pustakawan Pelaksana');

-- Randi Palguna Artayasa 5025231020
-- Tabel transaksi buku
INSERT INTO `transaksi_buku` (`id_transaksi_buku`, `waktu_transaksi_peminjaman`, `waktu_transaksi_pengembalian`, `status_transaksi`, `denda`, `id_anggota`, `id_pegawai`) VALUES
('TB001', '2023-07-04 14:29:04', '2023-07-11 14:29:04', 'Sudah dikembalikan', 50000.00, 'A001', 'PGW016'),
('TB002', '2023-07-08 17:17:08', '2023-07-15 17:17:08', 'Sudah dikembalikan', 20000.00, 'A003', 'PGW023'),
('TB003', '2023-07-09 11:54:23', '2023-07-16 11:54:23', 'Sudah dikembalikan', NULL, 'A002', 'PGW025'),
('TB004', '2023-08-02 09:33:44', '2023-08-09 09:33:44', 'Sudah dikembalikan', NULL, 'A020', 'PGW022'),
('TB005', '2023-08-17 12:04:46', '2023-08-24 12:04:46', 'Sudah dikembalikan', NULL, 'A002', 'PGW011'),
('TB006', '2023-08-24 13:21:56', '2023-09-01 13:21:56', 'Sudah dikembalikan', NULL, 'A030', 'PGW013'),
('TB007', '2023-08-26 08:38:00', '2023-09-03 08:38:00', 'Sudah dikembalikan', NULL, 'A040', 'PGW023'),
('TB008', '2023-08-28 18:48:46', '2023-09-05 18:48:46', 'Sudah dikembalikan', 10000.00, 'A050', 'PGW024'),
('TB009', '2023-09-01 18:22:57', '2023-09-08 18:22:57', 'Sudah dikembalikan', 15000.00, 'A063', 'PGW013'),
('TB010', '2023-09-05 17:49:38', '2023-09-12 17:49:38', 'Sudah dikembalikan', NULL, 'A080', 'PGW018'),
('TB011', '2023-09-25 13:02:50', '2023-10-02 13:02:50', 'Sudah dikembalikan', NULL, 'A056', 'PGW003'),
('TB012', '2023-10-03 09:41:36', '2023-10-10 09:41:36', 'Belum dikembalikan', 50000.00, 'A047', 'PGW014'),
('TB013', '2023-10-05 13:06:11', '2023-10-12 13:06:11', 'Sudah dikembalikan', NULL, 'A013', 'PGW022'),
('TB014', '2023-11-02 18:26:10', '2023-11-09 18:26:10', 'Sudah dikembalikan', 20000.00, 'A014', 'PGW020'),
('TB015', '2023-11-04 17:06:21', '2023-11-11 17:06:21', 'Sudah dikembalikan', NULL, 'A074', 'PGW024'),
('TB016', '2023-11-18 18:30:57', '2023-11-25 18:30:57', 'Sudah dikembalikan', NULL, 'A001', 'PGW023'),
('TB017', '2023-11-27 10:47:33', '2023-12-04 10:47:33', 'Belum dikembalikan', 5000.00, 'A009', 'PGW013'),
('TB018', '2023-12-09 15:39:26', '2023-12-16 15:39:26', 'Belum dikembalikan', 1000.00, 'A011', 'PGW025'),
('TB019', '2023-12-10 10:27:36', '2023-12-17 10:27:36', 'Belum dikembalikan', NULL, 'A078', 'PGW016'),
('TB020', '2023-12-10 11:33:35', '2024-01-17 11:33:35', 'Belum dikembalikan', NULL, 'A079', 'PGW013'),
('TB021', '2023-12-11 11:40:50', '2023-01-18 11:40:50', 'Belum dikembalikan', NULL, 'A033', 'PGW022'),
('TB022', '2023-12-12 11:14:48', '2023-01-19 11:14:48', 'Belum dikembalikan', NULL, 'A080', 'PGW011'),
('TB023', '2023-12-12 11:19:23', '2023-01-19 11:19:23', 'Belum dikembalikan', NULL, 'A001', 'PGW014'),
('TB024', '2023-12-13 11:23:53', '2023-01-20 11:23:53', 'Belum dikembalikan', NULL, 'A002', 'PGW020'),
('TB025', '2023-12-13 11:43:57', '2023-01-20 11:43:57', 'Belum dikembalikan', NULL, 'A030', 'PGW025');

-- Randi Palguna Artayasa 5025231020
-- Tabel koleksi_buku
INSERT INTO `koleksi_buku` (`id_koleksi_buku`, `koleksi_buku`) VALUES
('KB1', 'UMUM'),
('KB2', 'TANDON'),
('KB3', 'REFERENSI'),
('KB4', 'CORNER'),
('KB5', 'MAJALAH');

-- Muhammad Ryan Fikri Nugraha 5025231013
-- tabel buku
INSERT INTO `buku` (`id_buku`, `judul_buku`, `subjek`, `penerbit`, `penulis`, `tahun_terbit`, `sinopsis`, `tanggal_entry`, `status_buku`, `status_peminjaman`, `id_koleksi_buku`) VALUES
('B0001', '\"Piranti\" dan sirkit-sirkit elektronika', 'Electronic circuits', 'Yogyakarta: [IKIP Yogyakarta]', 'Sarbiran', 1982, NULL, '2006-06-30', 'Bagus', 'Dipinjam', 'KB2'),
('B0002', '(A) Manual of engineering geometry and graphics : for students and draftsmen', NULL, 'New York : McGraw-Hill', 'Shupe, Hollie W. / Paul E. Machovina', 1956, NULL, '2006-07-25', 'Bagus', 'Tersedia', 'KB2'),
('B0003', 'Utilisation of fibrous agricultural residues', 'Reycling (waste, etc) Agricultural waste', 'Camberra : Australian Goverment Publishing Service', 'Pearce, G.R', 1983, NULL, '2006-07-25', 'Rusak', 'Tersedia', 'KB3'),
('B0004', '10 langkah belajar logika dan algoritma menggunakan bahasa C dan C++ di GNU/LINUX', 'Algorithms Programming (electronic computers) C (computer program language) C++ (computer program language)', 'Yogyakarta : Andi', 'Utami, Ema', 2005, NULL, '2006-11-15', 'Bagus', 'Tersedia', 'KB1'),
('B0005', '10 langkah belajar logika dan algoritma menggunakan bahasa C dan C++ di GNU/LINUX', 'Algorithms Programming (electronic computers) C (computer program language) C++ (computer program language)', 'Yogyakarta : Andi', 'Utami, Ema', 2005, NULL, '2006-11-15', 'Bagus', 'Tersedia', 'KB1'),
('B0006', '10 langkah belajar logika dan algoritma menggunakan bahasa C dan C++ di GNU/LINUX', 'Algorithms Programming (electronic computers) C (computer program language) C++ (computer program language)', 'Yogyakarta : Andi', 'Utami, Ema', 2005, NULL, '2006-11-15', 'Bagus', 'Tersedia', 'KB1'),
('B0007', '10 langkah belajar logika dan algoritma menggunakan bahasa C dan C++ di GNU/LINUX', 'Algorithms Programming (electronic computers) C (computer program language) C++ (computer program language)', 'Yogyakarta : Andi', 'Utami, Ema', 2005, NULL, '2006-11-15', 'Bagus', 'Tersedia', 'KB1'),
('B0008', '10 Nopember 1945 : gelora kepahlawanan Indonesia', 'Indonesia-history', 'Jakarta: Yayasan 10 Nopember 1945', 'Setiadijaya, Barlan', 1992, NULL, '2008-09-04', 'Rusak', 'Masih diolah', 'KB1'),
('B0009', 'History of the American people', 'United states-history', 'San Diego: Harcourt Brace Jovanovich', 'Thernstrom, Stephan', 1984, NULL, '2008-09-04', 'Bagus', 'Dipinjam', 'KB2'),
('B0010', '90 Menit bersama Aristoteles', 'Philosophy', 'Jakarta: Erlangga', 'Strathern, Paul & Kowa, Frans', 2001, NULL, '2010-05-06', 'Bagus', 'Dipinjam', 'KB1'),
('B0011', '10 kiat sukses Napoleon Hill untuk abad 21', 'SUCCESS', 'Jakarta : Gramedia', 'Williamson, Judith', 2009, 'buku ini berisi kiat yang dilakukan oleh Napoleon hingga dia menjadi orang berhasil. Banyak pelajaran hidup yang bisa dipet', '2010-11-24', 'Bagus', 'Dipinjam', 'KB4'),
('B0012', '16 strategi lulus ujian TOEFL', 'Test Of English as a Foreign Language English language--examinations--study guides', 'Yogyakarta : Pustaka Pelajar', 'Muhammad', 2005, NULL, '2015-08-07', 'Rusak', 'Masih diolah', 'KB2'),
('B0013', 'Seni Rupa Kontemporer: Dari Abstrak hingga Realis', 'Fine Arts', 'Gramedia Pustaka Utama', 'Suryo, Bambang', 2015, 'Menjelajahi perkembangan seni rupa kontemporer dari berbagai sudut pandang.', '2016-10-22', 'Bagus', 'Dipinjam', 'KB1'),
('B0014', 'Kalkulus 1', 'Calculus', 'Jurusan Matematika ITS', NULL, 2017, NULL, '2017-11-03', 'Bagus', 'Dipinjam', 'KB2'),
('B0015', 'Kalkulus 1', 'Calculus', 'Jurusan Matematika ITS', NULL, 2017, NULL, '2017-11-03', 'Rusak', 'Dipinjam', 'KB2'),
('B0016', '100 gagasan mahasiswa ITS : dari mahasiswa, oleh mahasiswa untuk Indonesia', 'Creative ability', 'Vivat Press', NULL, 2017, NULL, '2017-12-19', 'Bagus', 'Tersedia', 'KB1'),
('B0017', 'Pemrograman Java: Panduan Lengkap', 'Computer Programming', 'Informatika Bandung', 'Susanto, Budi', 2019, 'Panduan praktis untuk belajar pemrograman Java dari dasar hingga tingkat lanjut.', '2017-12-20', 'Bagus', 'Tersedia', 'KB2'),
('B0018', 'Wisata bahari di Indonesia', 'Ocean travel; Adventure and adventures', 'Media Sains Nasional', 'Hartoyo, Djoko', 2019, NULL, '2017-12-21', 'Bagus', 'Masih diolah', 'KB3'),
('B0019', 'Introduction to Algorithms', 'Computer Science', 'MIT Press', 'Thomas H. Cormen, Charles E. Leiserson, Ronald L. Rivest, Clifford Stein', 2009, NULL, '2018-01-07', 'Bagus', 'Dipinjam', 'KB2'),
('B0020', 'Database Systems: The Complete Book', 'Computer Science', 'Pearson', 'Hector Garcia-Molina, Jeffrey D. Ullman, Jennifer Widom', 2002, NULL, '2018-01-07', 'Rusak', 'Tersedia', 'KB2'),
('B0021', 'Artificial Intelligence: A Modern Approach', 'Artificial Intelligence', 'Pearson', 'Stuart Russell, Peter Norvig', 1995, NULL, '2018-01-07', 'Bagus', 'Tersedia', 'KB2'),
('B0022', 'Fundamentals of Database Systems', 'Computer Science', 'Pearson', 'Ramez Elmasri, Shamkant B. Navathe', 2007, NULL, '2019-01-12', 'Bagus', 'Tersedia', 'KB3'),
('B0023', 'Data Science for Business: What You Need to Know about Data Mining and Data-Analytic Thinking', 'Data Science', 'Reilly Media', 'Foster Provost, Tom Fawcett', 2013, NULL, '2019-03-05', 'Bagus', 'Tersedia', 'KB3'),
('B0024', 'Clean Code: A Handbook of Agile Software Craftsmanship', 'Software Development', 'Prentice Hall', 'Robert C. Martin', 2008, NULL, '2019-04-04', 'Bagus', 'Dipinjam', 'KB1'),
('B0025', 'The Lean Startup: How Todays Entrepreneurs Use Continuous Innovation to Create Radically Successful Businesses', 'Business', 'Crown Business', 'Eric Ries', 2011, NULL, '2019-07-28', 'Rusak', 'Tersedia', 'KB1'),
('B0026', 'The Pragmatic Programmer: Your Journey to Mastery', 'Software Development', 'Addison-Wesley', 'Dave Thomas, Andy Hunt', 1999, NULL, '2019-10-13', 'Bagus', 'Tersedia', 'KB1'),
('B0027', 'The Road Less Traveled', 'Psychology', 'Simon & Schuster', 'M. Scott Peck', 1978, NULL, '2019-12-14', 'Bagus', 'Tersedia', 'KB2'),
('B0028', 'The Prince', 'Political Philosophy', 'Norton & Company', 'Niccol Machiavelli', 1907, NULL, '2020-01-16', 'Bagus', 'Tersedia', 'KB2'),
('B0029', 'Meditations', 'Philosophy', 'Penguin Classics', 'Marcus Aurelius', 2000, NULL, '2020-08-18', 'Bagus', 'Dipinjam', 'KB3'),
('B0030', 'The Social Animal: The Hidden Sources of Love, Character, and Achievement', 'Social Science', 'Random House', 'David Brooks', 2011, NULL, '2021-03-11', 'Rusak', 'Dipinjam', 'KB1'),
('B0031', 'Practical Electronics for Inventors', 'Electronics', 'McGraw-Hill Education', 'Paul Scherz, Simon Monk', 2000, NULL, '2022-01-19', 'Bagus', 'Tersedia', 'KB1'),
('B0032', 'Arduino: A Technical Reference', 'Electronics', 'Reilly Media', 'J. M. Hughes', 2016, NULL, '2022-10-25', 'Bagus', 'Dipinjam', 'KB2'),
('B0033', 'Best TOEFL test book', 'Test English as a Foreighn Language English Language - textbooks for foreign speaker', 'Reading, Massachusetts : Addison-Wesley', 'Stanley, Nancy', 1984, NULL, '2022-11-01', 'Bagus', 'Dipinjam', 'KB1'),
('B0034', 'Complete guide to the TOEFL', 'English language--texbooks for foreign speakers Test of English as a foreign language--study guides English language--examinations--study guides', 'Boston, MA. : Thomson Heinke', 'Rogers, Bruce', 2007, NULL, '2022-11-01', 'Bagus', 'Tersedia', 'KB2'),
('B0035', 'Complete guide to the TOEFL', 'English language--texbooks for foreign speakers Test of English as a foreign language--study guides English language--examinations--study guides', 'Boston, MA. : Thomson Heinke', 'Rogers, Bruce', 2007, NULL, '2022-11-01', 'Bagus', 'Tersedia', 'KB2'),
('B0036', 'Complete guide to the TOEFL', 'English language--texbooks for foreign speakers Test of English as a foreign language--study guides English language--examinations--study guides', 'Boston, MA. : Thomson Heinke', 'Rogers, Bruce', 2007, NULL, '2022-11-01', 'Bagus', 'Dipinjam', 'KB2'),
('B0037', 'Conceptual introduction to chemistry', 'Chemistry--textbook', 'New York : McGraw-Hill', 'Bauer, Richard C.', 2007, NULL, '2022-11-05', 'Bagus', 'Tersedia', 'KB2'),
('B0038', 'Course in thermodynamics', NULL, 'Waltham, Massachusetts : Blaisdell ', 'Kestin, Joseph', 1966, NULL, '2022-11-05', 'Bagus', 'Dipinjam', 'KB1'),
('B0039', 'Course in thermodynamics', NULL, 'Waltham, Massachusetts : Blaisdell ', 'Kestin, Joseph', 1966, NULL, '2022-11-05', 'Bagus', 'Dipinjam', 'KB1'),
('B0040', 'First course in fuzzy logic', 'Fuzzy logic Fuzzy sets', 'Boca Raton: CRC Press', 'Nguyen, Hung T. ', 1997, NULL, '2022-11-08', 'Bagus', 'Dipinjam', 'KB2'),
('B0041', 'Psychology of careers : An introduction to vocational development', NULL, 'New York : Harper and brothers', 'Super, Donald E', 1957, NULL, '2022-11-12', 'Bagus', 'Tersedia', 'KB1'),
('B0042', 'Semantic foundations of logic : propositional logics', 'Logic. Logic, symbol and mathematical semantics', 'New York: Oxford University Press', 'Epstein, Richard L.', 1995, NULL, '2022-11-12', 'Bagus', 'Tersedia', 'KB1'),
('B0043', 'Semantic foundations of logic : propositional logics', 'Logic. Logic, symbol and mathematical semantics', 'New York: Oxford University Press', 'Epstein, Richard L.', 1995, NULL, '2022-11-12', 'Bagus', 'Dipinjam', 'KB1'),
('B0044', 'Semantic foundations of logic : propositional logics', 'Logic. Logic, symbol and mathematical semantics', 'New York: Oxford University Press', 'Epstein, Richard L.', 1995, NULL, '2022-11-12', 'Bagus', 'Tersedia', 'KB1'),
('B0045', 'Matematika teknik', 'Engineering mathematic', 'Graha Ilmu', 'Prayudi', 2006, NULL, '2022-11-12', 'Bagus', 'Dipinjam', 'KB1'),
('B0046', 'Matematika teknik', 'Engineering mathematic', 'Graha Ilmu', 'Prayudi', 2006, NULL, '2022-11-12', 'Bagus', 'Tersedia', 'KB1'),
('B0047', 'Matematika teknik', 'Engineering mathematic', 'Graha Ilmu', 'Prayudi', 2006, NULL, '2022-11-12', 'Bagus', 'Dipinjam', 'KB1'),
('B0048', 'Zona bebas gosip : trik menciptakan lingkungan kerja produktif untuk memaksimalkan profit', 'Work enviroment ; Industrial hyrene-- management ; Performance', 'Jakarta : Gramedia Pustaka Utama', 'Chapman, Sam', 2011, NULL, '2022-11-20', 'Bagus', 'Tersedia', 'KB1'),
('B0049', 'Zona bebas gosip : trik menciptakan lingkungan kerja produktif untuk memaksimalkan profit', 'Work enviroment ; Industrial hyrene-- management ; Performance', 'Jakarta : Gramedia Pustaka Utama', 'Chapman, Sam', 2011, NULL, '2022-11-20', 'Bagus', 'Tersedia', 'KB1'),
('B0050', 'Working and design drawings', 'Architectural drawing-technique. perspective', 'New York: Van Nostrand Reinhold', 'Prenzel, Rudolf', 2006, NULL, '2022-12-01', 'Bagus', 'Tersedia', 'KB1');

-- I Gusti Ngurah Arya Sudewa 5025231030
-- tabel buku_transaksi_buku
INSERT INTO `buku_transaksi_buku` (`id_transaksi_buku`, `id_buku`) VALUES
('TB001', 'B0004'),
('TB001', 'B0005'),
('TB002', 'B0017'),
('TB003', 'B0022'),
('TB004', 'B0027'),
('TB005', 'B0035'),
('TB005', 'B0042'),
('TB005', 'B0050'),
('TB006', 'B0049'),
('TB007', 'B0004'),
('TB007', 'B0007'),
('TB008', 'B0018'),
('TB009', 'B0005'),
('TB009', 'B0026'),
('TB009', 'B0028'),
('TB010', 'B0003'),
('TB011', 'B0006'),
('TB012', 'B0001'),
('TB012', 'B0009'),
('TB012', 'B0010'),
('TB013', 'B0017'),
('TB013', 'B0020'),
('TB013', 'B0022'),
('TB014', 'B0027'),
('TB015', 'B0004'),
('TB015', 'B0023'),
('TB016', 'B0021'),
('TB017', 'B0024'),
('TB017', 'B0030'),
('TB017', 'B0039'),
('TB017', 'B0045'),
('TB018', 'B0047'),
('TB019', 'B0043'),
('TB020', 'B0013'),
('TB020', 'B0015'),
('TB021', 'B0014'),
('TB021', 'B0019'),
('TB022', 'B0036'),
('TB023', 'B0029'),
('TB023', 'B0032'),
('TB023', 'B0033'),
('TB024', 'B0011'),
('TB025', 'B0038'),
('TB025', 'B0040');

-- Muhammad Ryan Fikri Nugraha 5025231013
-- tabel ruangan
INSERT INTO `ruangan` (`id_ruangan`, `nama_ruangan`, `lokasi`, `deskripsi_fasilitas`) VALUES
('R001', 'LOKER', 'Lantai 1', 'Ruangan Loker merupakan fasilitas pendukung bagi pengunjung dalam menyediakan tempat penyimpanan yang aman bagi pemustaka untuk menyimpan barang atau peralatan (tas, buku, jaket dll) yang tidak diperkenan dibawah ke dalam perpustakaan. Pada ruangan ini terjdapat 50 lemari penyimpanan barang yang dapat digunakan oleh pengunjung untuk menyimpan barang barangnya.'),
('R002', 'CREATIVE CO-WORKING SPACE', 'Lantai 1', 'Ruangan creative co-working space adalah ruangan dimana para pengunjung dapat melaksanakan kegiatan produktivitas seperti belajar, meeting, dll. Pada ruangan ini terdapat banyak meja dan kursi serta dilengkapi AC untuk membuat para pengunjung lebih nyaman dan produktif.'),
('R003', 'CAFETARIA', 'Lantai 1', 'Ruangan Cafetaria adalah ruangan disediakan oleh perpustakaan sebagai salah satu fasilitas pendukung perpustakaan untuk memenuhi kebutuhan akan nutrisi pengguna dikarenakan lokasi kantin sangat jauh. Pada ruangan ini terdapat berbagai macam stand penjual makanan dan minuman yang pengunjung dapat beli produknya serta pada ruangan ini terdapat meja dan kursi untuk memfasilitasi pengunjung yang ingin menyantap makanan pada ruangan ini.'),
('R004', 'DIVISI PENGOLAHAN', 'Lantai 1', 'Ruangan divisi pengolahan merupakan tempat pengolahan koleksi yang ada di perpustakaan ITS. Kegiatan mengelola koleksi yang dimiliki oleh perpustakaan hingga penyajian koleksi kepada pemustaka yang didukung dengan sistem informasi yang terintegrasi.'),
('R005', 'DIVISI PENGADAAN', 'Lantai 1', 'Ruangan divisi pengadaan merupakan ruangan tempat pengadaan koleksi yang ada di perpustakaan iTS. Ruangan ini merupakan ruangan tempat proses awal dari seluruh kegiatan perpustakaan. Divisi ini melakukan proses seleksi, menghimpun, mengelola, menentukan dan mengadakan koleksi yang relevan dengan kebutuhan pemustaka.'),
('R006', 'RUANGAN SEMINAR', 'Lantai 2', 'Ruang Seminar adalah sebuah ruang yang bisa dimanfaatkan untuk kegiatan seminar , training, workshop, rekrutment pegawai dan lain-lain oleh internal maupun eksternal ITS. Ruang ini memiliki daya tampung sebanyak 120 meja kursi, difasilitasi dengan sound sistem, wireless, AC, dan tarif sewa yang relatif murah.'),
('R007', 'RUANG RAPAT BIBLIOTEK', 'Lantai 2', 'Ruang Rapat Bibliotek merukapan ruangan rapat utama perpustakaan dengan desain meja melingkar. Dilengkapi sarana seperti, AC, dispenser, mikrofon dan LCD proyektor sebagai media komunikasi rapat dan penyampaian materi.'),
('R008', 'RUANG BELAJAR PAPYRUS', 'Lantai 2', 'Ruang belajar Papyrus merupakan ruang dengan desain ruang kelas berkapasitas 40 meja kursi  biasa digunakan untuk ruang kuliah, diklat, seminar , test kerja, dll.'),
('R009', 'AREA BELAJAR', 'Lantai 2', 'Area belajar yang  luas dan tenang di lantai dua ini merupakan tempat belajar alternatif yang dapat digunakan oleh pemustaka. Selain itu area ini tidak berada di dalam ruang koleksi sehingga pemustaka bebas membawa tas, makan dan minuman di area ini.'),
('R010', 'MUSHOLA', 'Lantai 2', 'Perpustakaan menyediakan tempat berdoa/sholat bagi para pemustaka untuk memudahkan pemustaka melakukan ibadah tanpa harus keluar perpustakaan dan mereka bisa melanjutkan belajarnya dengan tenang.'),
('R011', 'SAMPOERNA CORNER', 'Lantai 3', 'Ruangan Sampoerna Corner dilengkapi dengan koleksi buku mengenai pengembangan diri atau soft skill(motivasi, kewirausahaan, bahasa, manajemen, dsb), DVD para pionir bangsa beserta DVD player, televisi berwarna dan 6 (enam) unit perangkat komputer untuk mengakses Internet. Sampoerna Corner juga menawarkan berbagai kegiatan seperti diskusi interaktif, seminar, serta workshop yang diselenggarakan dan diikuti oleh civitas akademika ITS maupun masyarakat umum. Jumlah koleksi buku cetak di Sampoerna Corner yang tersedia sebanayak 1227 judul/ eksemplar.'),
('R012', 'IDIS ITS', 'Lantai 3', 'Sebuah ruang untuk sentra layanan informasi pembangunan Indonesia yang dibentuk melalui kemitraan antara ITS dengan dengan Bank Dunia (World Bank). Ruang IDIS-WB dilengkapi koleksi VCD/DVD serta buku-buku terbitan Bank Dunia dengan konten proyek dan laporan proyek World Bank di seluruh dunia. Koleksi tersebut umumnya berkaitan dengan perkembangan pembangunan dunia dan khususnya di negara-negara yang sedang berkembang, seperti: perkembangan ekonomi, sosial, budaya, lingkungan, teknologi, kesehatan, dll. Ruang IDIS-WB dilengkapi 7 buah komputer untuk akses internet, televisi layar datar, DVD player, dan sofa yang nyaman. Jumlah koleksi World Bank yang tersedia sebanyak 534 Judul ; 616 eksemplar.'),
('R013', 'CAFE HOTSPOT', 'Lantai 3', 'Ruang baca ini didesain menyerupai cafe. Cafe sangat identik dengan suasana tenang dan santai. Konsep tersebut sangat cocok untuk selera anak muda saat ini, dimana mereka memiliki kepuasan tersendiri bila mendapatkan tempat belajar ala cafe di perpustakaan. Ketenangan dan kenyamanan sebuah tempat belajar bagi pemustaka adalah sarana penting bagi mereka karena suasana akan sangat berpengaruh pada hasil akhir belajar mereka.'),
('R014', 'RUANGAN MAJALAH', 'Lantai 3', 'Perpustakaan menyediakan koleksi terbitan berkala berupa majalah/jurnal ilmiah dalam bahasa Indonesia maupun bahasa Inggris tercetak. Koleksi tersebut diperoleh melalui pembelian dan hadiah. Di samping itu, disediakan juga majalah ilmiah populer yang berkaitan dengan arsitektur, pertanian, hobi, dan intisari. Untuk memenuhi kebutuhan informasi yang bersifat rekreatif, disediakan tabloid olahraga, otomotif, komputer, agrobisnis dan lainnya. Majalah/jurnal ilmiah ini dapat dipinjam untuk dibaca di tempat, difotokopi dan dibawa pulang. Lama peminjaman koleksi majalah ini adalah 3 jam. Layanan Majalah ini berada di Lantai 3, Perpustakaan ITS. Jumlah koleksi yang dimiliki perpustakaan sebanyak 2.207 judul, 62.892 eksemplar untuk jurnal/majalah dan 6 judul untuk surat kabar.'),
('R015', 'RUANGAN REFERENSI', 'Lantai 3', 'Layanan Referensi menawarkan berbagai macam koleksi rujukan, seperti handbook, manual book, guide book, standard, kamus, ensiklopedia, dan lainnya. Pemustaka dapat meminjam koleksi dengan batas maksimal 3 judul buku selama 3 jam'),
('R016', 'RUANGAN KOMPUTER', 'Lantai 3', 'Ruangan ini merupakan sebuah ruangan yang memiliki fasilitas komputer dan juga terdapat LCD proyektor sebagai media komunikasi rapat dan penyampaian materi.'),
('R017', 'RUAGAN MULTIMEDIA', 'Lantai 4', 'Ruangan multimedia adalah ruangan tempat koleksi berbentuk non buku seperti: CD/VCD, video cassette, video film, microform (microfilm, microfische), slide, transparansi dan lainnya. Layanan audio visual tidak meminjamkan koleksinya untuk dibawa pulang, namun hanya untuk dibaca di tempat. Pada ruang audio visual disediakan juga Home Theater untuk program pemutaran film gratis yang diadakan setiap dua kali seminggu, yakni hari Selasa dan Kamis.'),
('R018', 'IKOMA CORNER', 'Lantai 4', 'Koleksi yang ada di Ruang IKOMA Corner adalah koleksi informasi muatan lokal (local content information), yaitu produk karya ilmiah yang dihasilkan civitas akademika ITS. Karya ini meliputi karya mengenai ITS, karya yang ditulis civitas akademika ITS, serta karya yang berkaitan dengan temuan, paten dan sebagainya yang dihasilkan civitas akademika ITS. Informasi muatan lokal ini secara garis besar dikelompokkan kedalam dua kelompok besar, yaitu: Tugas Akhir dan Karya ITS. Yang mana Tugas Akhir terdiri dari Skripsi, Tesis, Desertasi, Pendidikan Profesi dan Kerja Praktek (KP).'),
('R019', 'RUANGAN KOLEKSI UMUM', 'Lantai 5', 'Koleksi buku di lantai 5 adalah koleksi yang terdiri dari buku teks wajib, buku teks penunjang dan buku teks anjuran yang relevan dengan kurikulum yang berlaku di ITS. buku tersebut berisi informasi dari berbagai disiplin ilmu yang tersebar pada rak dengan nomor klasifikasi 000-900. Jumlah koleksi buku teks yang dimiliki perpustakaan sebanyak 41.649 Judul ; 98.209 eksemplar. Sirkulasi juga memberikan layanan bebas pustaka bagi mahasiswa sebagai bukti bahwa dia tidak mempunyai pinjaman atau kewajiban lain kepada perpustakaan. Pemberian bebas pustaka dimaksudkan agar koleksi terpelihara dan mahasiswa mematuhi peraturan perpustakaan. Bagi mahasiswa, bebas pustaka diperlukan untuk yudisium atau pengambilan ijazah. Ruang layanan sirkulasi juga menyediakan komputer untuk mencetak ( print) tanpa dipungut biaya dengan membawa kertas sendiri'),
('R020', 'PLN CORNER', 'Lantai 5', 'Ruangan ini memiliki fasilitas seperti tempat diskusi dimana terdapat meja dan kursi yang disusun secara melingkar untuk melakukan diskusi. Pada ruangan ini juga terdapat LCD dan monitor untuk membantu pada pengguna ruangan dalam mekukan meeting dan penyampaian materi.');

-- I Gusti Ngurah Arya Sudewa 5025231030
-- tabel transaksi_ruangan
INSERT INTO `transaksi_ruangan` (`id_transaksi_ruangan`, `waktu_transaksi`, `denda`, `id_anggota`, `id_pegawai`, `id_ruangan`) VALUES
('TR001', '2023-07-04 14:37:00', 100000.00, 'A001', 'PGW003', 'R017'),
('TR002', '2023-07-07 10:45:00', 75000.00, 'A008', 'PGW024', 'R011'),
('TR003', '2023-08-10 14:20:00', 0.00, 'A003', 'PGW003', 'R013'),
('TR004', '2023-08-12 18:00:00', 30000.00, 'A002', 'PGW024', 'R018'),
('TR005', '2023-08-13 12:30:00', 45000.00, 'A005', 'PGW023', 'R012'),
('TR006', '2023-09-15 16:45:00', 50000.00, 'A001', 'PGW025', 'R019'),
('TR007', '2023-09-23 11:00:00', 0.00, 'A006', 'PGW014', 'R005'),
('TR008', '2023-10-10 14:45:00', 60000.00, 'A008', 'PGW022', 'R014'),
('TR009', '2023-11-11 18:30:00', 30000.00, 'A009', 'PGW016', 'R016'),
('TR010', '2023-12-12 10:15:00', 11000.00, 'A010', 'PGW014', 'R010');