INSERT INTO pengunjung(id_pengunjung, nama)
VALUES
('P00001', 'Muhammad Ryan Fikri Nugraha'),
('P00002', 'Muhammad Nabil Afrizal Rahmadani'),
('P00003', 'Randi Palguna Artayasa'),
('P00004', 'I Gusti Ngurah Arya Sudewa'),
('P00005', 'Mathias Adya Diwangkara Suganda'),
('P00006', 'Muhammad Shafa Narariya'),
('P00007', 'Gerry Nicholas'),
('P00008', 'Cathleen Gracia'),
('P00009', 'Junathan Richie'),
('P00010', 'Nabil Julian Syah'),
('P00011', 'Rayanisa Sita'),
('P00012', 'Roos Faikarsyah Ravas Falah'),
('P00013', 'Ahmad Harisul Hikam'),
('P00014', 'Muchammad Ainun Febriansyah'),
('P00015', 'Arja Maula Razan'),
('P00016', 'Ronald Listiyadhi'),
('P00017', 'Styvend Mosesaah Marpaung'),
('P00018', 'Muhammad Rifqi Febrian'),
('P00019', 'Muhammad Ilham Ramadhan Khasyyatullah'),
('P00020', 'Adhyaksa Afzaal Dhananjaya'),
('P00021', 'Ahmad Zaidan Wahab'),
('P00022', 'Manuel Gerrard Maheswara'),
('P00023', 'Marcelino Tody Adrianto'),
('P00024', 'Hanin Nur Aulia'),
('P00025', 'Dina Fahriyanti'),
('P00026', 'Nurita Udiyanti Salimah'),
('P00027', 'Athalya Bella Pandjaitan'),
('P00028', 'Alzena Cheiryl Violney'),
('P00029', 'Muhammad Haikal Fikri Al Azhari'),
('P00030', 'Dhania Faza Naufalia'),
('P00031', 'Muhammad Thaliban Habib Hudzaifah Naim'),
('P00032', 'Tanaya Secyolita Putri Maulidya'),
('P00033', 'Raditia Damar Prasetyo'),
('P00034', 'Ahmad Raihan Akbar'),
('P00035', 'Immanuel Mattew Sitorus'),
('P00036', 'Christopher Rocky Perkasa'),
('P00037', 'Einin Ellasya Putri'),
('P00038', 'Rafi Ardell Nugraha'),
('P00039', 'Isyana Ershandari '),
('P00040', 'Aryaputra Listyan'),
('P00041', 'Abyan Naufal Fahmi'),
('P00042', 'Muhammad Zaki Fauzan Sutomo'),
('P00043', 'Raden Raynor Matteo Seputro'),
('P00044', 'Zahira Berliani Rahmadanti Yuvito'),
('P00045', 'Rhevanza Felly Azahra'),
('P00046', 'Pradipta Bagas Satriawan'),
('P00047', 'Qaulan Syakilla Dorida'),
('P00048', 'Zahrina Nur Amalina Syamsudin'),
('P00049', 'Aziz Nabiel Daniswara'),
('P00050', 'Desyta Dwi Ardijantari'),
('P00051', 'Demetrius Floja'),
('P00052', 'Widyansyah Khalifian Dharmawan'),
('P00053', 'Ahmad Syihan Al Askary'),
('P00054', 'Riezaldy Mumtaz Aqila'),
('P00055', 'Ibnaty Rameyza Alya Karima'),
('P00056', 'David Christopher Wicaksono'),
('P00057', 'Zahwa Anggeraeni'),
('P00058', 'Syelina Alifia Rozan'),
('P00059', 'Jason Lurich'),
('P00060', 'Farrell Isyraq Wardoyo'),
('P00061', 'Muhammad Abhinaya Al-Faruqi'),
('P00062', 'Aswalia Novitriasari'),
('P00063', 'Riskiyatul Nur Oktarani'),
('P00064', 'Muhamad Arrayyan'),
('P00065', 'Farida Qurrotu Ayuna'),
('P00066', 'Dian Anggraeni Putri'),
('P00067', 'Hazwan Adhikara Nasution'),
('P00068', 'Athalla Barka Fadhil'),
('P00069', 'Rafael Gunawan'),
('P00070', 'Acintya Edria Sudarsono'),
('P00071', 'Zahra Rania Putri Indra'),
('P00072', 'Khansa Peridhia Naura'),
('P00073', 'Lunetta Herdanti Asshidiqah'),
('P00074', 'Tobias Ega Ekaputra'),
('P00075', 'Brigita Apsari Waskitho'),
('P00076', 'Thania Marsya Kiroyan'),
('P00077', 'Abhista Hevan Daniswara'),
('P00078', 'Oktavia Anis Nurrohmah'),
('P00079', 'Azmiyah Tsauroh'),
('P00080', 'Novia Farah Hashifah'),
('P00081', 'Rizky Pratama'),
('P00082', 'Putri Aulia'),
('P00083', 'Dwi Santoso'),
('P00084', 'Siti Rahayu'),
('P00085', 'Fajar Setiawan'),
('P00086', 'Anisa Fitriani'),
('P00087', 'Budi Utomo'),
('P00088', 'Dewi Lestari'),
('P00089', 'Muhammad Akbar'),
('P00090', 'Ratna Sari'),
('P00091', 'Adi Nugroho'),
('P00092', 'Nita Septiani'),
('P00093', 'Aditya Wibowo'),
('P00094', 'Nindy Amelia'),
('P00095', 'Rudi Hermawan'),
('P00096', 'Astuti Widayanti'),
('P00097', 'Agus Setiawan'),
('P00098', 'Yuli Susanti'),
('P00099', 'Irfan Saputra'),
('P00100', 'Maya Wulandari');

INSERT INTO waktu_berkunjung (id_pengunjung, waktu) VALUES('P00078', '2023-07-04 09:26:57');
INSERT INTO waktu_berkunjung (id_pengunjung, waktu) VALUES('P00034', '2023-07-04 10:59:48');
INSERT INTO waktu_berkunjung (id_pengunjung, waktu) VALUES('P00076', '2023-07-04 12:55:19');
INSERT INTO waktu_berkunjung (id_pengunjung, waktu) VALUES('P00001', '2023-07-04 14:13:01');
INSERT INTO waktu_berkunjung (id_pengunjung, waktu) VALUES('P00027', '2023-07-04 15:12:07');
INSERT INTO waktu_berkunjung (id_pengunjung, waktu) VALUES('P00040', '2023-07-04 18:37:35');
INSERT INTO waktu_berkunjung (id_pengunjung, waktu) VALUES('P00088', '2023-07-05 07:07:11');
INSERT INTO waktu_berkunjung (id_pengunjung, waktu) VALUES('P00061', '2023-07-05 07:27:56');
INSERT INTO waktu_berkunjung (id_pengunjung, waktu) VALUES('P00019', '2023-07-05 08:11:38');
INSERT INTO waktu_berkunjung (id_pengunjung, waktu) VALUES('P00003', '2023-07-05 08:37:34');
INSERT INTO waktu_berkunjung (id_pengunjung, waktu) VALUES('P00036', '2023-07-05 09:10:56');
INSERT INTO waktu_berkunjung (id_pengunjung, waktu) VALUES('P00029', '2023-07-05 10:13:22');
INSERT INTO waktu_berkunjung (id_pengunjung, waktu) VALUES('P00005', '2023-07-05 10:45:33');
INSERT INTO waktu_berkunjung (id_pengunjung, waktu) VALUES('P00032', '2023-07-05 15:12:41');
INSERT INTO waktu_berkunjung (id_pengunjung, waktu) VALUES('P00091', '2023-07-05 16:09:06');
INSERT INTO waktu_berkunjung (id_pengunjung, waktu) VALUES('P00095', '2023-07-05 18:28:12');
INSERT INTO waktu_berkunjung (id_pengunjung, waktu) VALUES('P00073', '2023-07-06 07:45:53');
INSERT INTO waktu_berkunjung (id_pengunjung, waktu) VALUES('P00067', '2023-07-06 10:05:26');
INSERT INTO waktu_berkunjung (id_pengunjung, waktu) VALUES('P00064', '2023-07-06 10:51:40');
INSERT INTO waktu_berkunjung (id_pengunjung, waktu) VALUES('P00011', '2023-07-06 11:34:59');
INSERT INTO waktu_berkunjung (id_pengunjung, waktu) VALUES('P00008', '2023-07-07 10:35:34');
INSERT INTO waktu_berkunjung (id_pengunjung, waktu) VALUES('P00076', '2023-07-07 14:10:46');
INSERT INTO waktu_berkunjung (id_pengunjung, waktu) VALUES('P00060', '2023-07-07 17:47:09');
INSERT INTO waktu_berkunjung (id_pengunjung, waktu) VALUES('P00048', '2023-07-08 09:53:47');
INSERT INTO waktu_berkunjung (id_pengunjung, waktu) VALUES('P00028', '2023-07-08 12:58:27');
INSERT INTO waktu_berkunjung (id_pengunjung, waktu) VALUES('P00090', '2023-07-08 13:03:58');
INSERT INTO waktu_berkunjung (id_pengunjung, waktu) VALUES('P00036', '2023-07-08 13:20:43');
INSERT INTO waktu_berkunjung (id_pengunjung, waktu) VALUES('P00003', '2023-07-08 17:11:28');
INSERT INTO waktu_berkunjung (id_pengunjung, waktu) VALUES('P00002', '2023-07-09 10:00:24');
INSERT INTO waktu_berkunjung (id_pengunjung, waktu) VALUES('P00009', '2023-07-09 13:07:01');
INSERT INTO waktu_berkunjung (id_pengunjung, waktu) VALUES('P00034', '2023-07-09 17:44:51');
INSERT INTO waktu_berkunjung (id_pengunjung, waktu) VALUES('P00028', '2023-07-09 17:50:18');
INSERT INTO waktu_berkunjung (id_pengunjung, waktu) VALUES('P00042', '2023-07-09 18:00:33');
INSERT INTO waktu_berkunjung (id_pengunjung, waktu) VALUES('P00058', '2023-07-09 18:14:09');
INSERT INTO waktu_berkunjung (id_pengunjung, waktu) VALUES('P00018', '2023-07-09 18:40:35');
INSERT INTO waktu_berkunjung (id_pengunjung, waktu) VALUES('P00046', '2023-07-10 09:00:16');
INSERT INTO waktu_berkunjung (id_pengunjung, waktu) VALUES('P00049', '2023-07-10 10:01:59');
INSERT INTO waktu_berkunjung (id_pengunjung, waktu) VALUES('P00049', '2023-07-10 12:53:35');
INSERT INTO waktu_berkunjung (id_pengunjung, waktu) VALUES('P00010', '2023-07-10 16:36:46');
INSERT INTO waktu_berkunjung (id_pengunjung, waktu) VALUES('P00021', '2023-07-11 07:26:20');
INSERT INTO waktu_berkunjung (id_pengunjung, waktu) VALUES('P00004', '2023-07-11 08:00:16');
INSERT INTO waktu_berkunjung (id_pengunjung, waktu) VALUES('P00063', '2023-07-11 09:21:48');
INSERT INTO waktu_berkunjung (id_pengunjung, waktu) VALUES('P00051', '2023-07-11 14:37:52');
INSERT INTO waktu_berkunjung (id_pengunjung, waktu) VALUES('P00071', '2023-07-11 16:29:53');
INSERT INTO waktu_berkunjung (id_pengunjung, waktu) VALUES('P00039', '2023-07-11 18:41:49');
INSERT INTO waktu_berkunjung (id_pengunjung, waktu) VALUES('P00099', '2023-07-12 07:46:56');
INSERT INTO waktu_berkunjung (id_pengunjung, waktu) VALUES('P00008', '2023-07-12 13:52:20');
INSERT INTO waktu_berkunjung (id_pengunjung, waktu) VALUES('P00002', '2023-07-12 17:45:05');
INSERT INTO waktu_berkunjung (id_pengunjung, waktu) VALUES('P00074', '2023-07-13 09:07:03');
INSERT INTO waktu_berkunjung (id_pengunjung, waktu) VALUES('P00081', '2023-07-13 10:14:03');
INSERT INTO waktu_berkunjung (id_pengunjung, waktu) VALUES('P00003', '2023-07-13 14:39:50');
INSERT INTO waktu_berkunjung (id_pengunjung, waktu) VALUES('P00019', '2023-07-14 07:04:57');
INSERT INTO waktu_berkunjung (id_pengunjung, waktu) VALUES('P00020', '2023-07-14 08:03:02');
INSERT INTO waktu_berkunjung (id_pengunjung, waktu) VALUES('P00053', '2023-07-14 10:09:10');
INSERT INTO waktu_berkunjung (id_pengunjung, waktu) VALUES('P00016', '2023-07-14 11:51:06');
INSERT INTO waktu_berkunjung (id_pengunjung, waktu) VALUES('P00085', '2023-07-14 13:18:57');
INSERT INTO waktu_berkunjung (id_pengunjung, waktu) VALUES('P00090', '2023-07-14 13:58:11');
INSERT INTO waktu_berkunjung (id_pengunjung, waktu) VALUES('P00037', '2023-07-14 15:48:54');
INSERT INTO waktu_berkunjung (id_pengunjung, waktu) VALUES('P00002', '2023-07-14 16:03:08');
INSERT INTO waktu_berkunjung (id_pengunjung, waktu) VALUES('P00002', '2023-07-14 16:47:10');
INSERT INTO waktu_berkunjung (id_pengunjung, waktu) VALUES('P00022', '2023-07-15 08:22:16');
INSERT INTO waktu_berkunjung (id_pengunjung, waktu) VALUES('P00080', '2023-07-15 09:33:15');
INSERT INTO waktu_berkunjung (id_pengunjung, waktu) VALUES('P00092', '2023-07-15 09:42:01');
INSERT INTO waktu_berkunjung (id_pengunjung, waktu) VALUES('P00071', '2023-07-15 12:37:00');
INSERT INTO waktu_berkunjung (id_pengunjung, waktu) VALUES('P00043', '2023-07-15 16:45:11');
INSERT INTO waktu_berkunjung (id_pengunjung, waktu) VALUES('P00096', '2023-07-16 07:49:21');
INSERT INTO waktu_berkunjung (id_pengunjung, waktu) VALUES('P00033', '2023-07-16 11:24:35');
INSERT INTO waktu_berkunjung (id_pengunjung, waktu) VALUES('P00001', '2023-07-16 17:25:45');
INSERT INTO waktu_berkunjung (id_pengunjung, waktu) VALUES('P00032', '2023-07-16 18:52:07');
INSERT INTO waktu_berkunjung (id_pengunjung, waktu) VALUES('P00038', '2023-07-17 07:34:17');
INSERT INTO waktu_berkunjung (id_pengunjung, waktu) VALUES('P00086', '2023-07-17 07:59:30');
INSERT INTO waktu_berkunjung (id_pengunjung, waktu) VALUES('P00043', '2023-07-17 08:53:49');
INSERT INTO waktu_berkunjung (id_pengunjung, waktu) VALUES('P00045', '2023-07-17 09:11:28');
INSERT INTO waktu_berkunjung (id_pengunjung, waktu) VALUES('P00097', '2023-07-17 11:06:38');
INSERT INTO waktu_berkunjung (id_pengunjung, waktu) VALUES('P00019', '2023-07-17 14:11:20');
INSERT INTO waktu_berkunjung (id_pengunjung, waktu) VALUES('P00089', '2023-07-17 15:17:47');
INSERT INTO waktu_berkunjung (id_pengunjung, waktu) VALUES('P00094', '2023-07-17 15:56:05');
INSERT INTO waktu_berkunjung (id_pengunjung, waktu) VALUES('P00074', '2023-07-18 09:20:11');
INSERT INTO waktu_berkunjung (id_pengunjung, waktu) VALUES('P00090', '2023-07-18 11:17:34');
INSERT INTO waktu_berkunjung (id_pengunjung, waktu) VALUES('P00081', '2023-07-18 16:24:20');
INSERT INTO waktu_berkunjung (id_pengunjung, waktu) VALUES('P00065', '2023-07-19 07:04:11');
INSERT INTO waktu_berkunjung (id_pengunjung, waktu) VALUES('P00077', '2023-07-19 07:05:04');
INSERT INTO waktu_berkunjung (id_pengunjung, waktu) VALUES('P00072', '2023-07-19 07:50:54');
INSERT INTO waktu_berkunjung (id_pengunjung, waktu) VALUES('P00042', '2023-07-19 13:59:33');
INSERT INTO waktu_berkunjung (id_pengunjung, waktu) VALUES('P00078', '2023-07-19 15:30:43');
INSERT INTO waktu_berkunjung (id_pengunjung, waktu) VALUES('P00011', '2023-07-19 16:57:58');
INSERT INTO waktu_berkunjung (id_pengunjung, waktu) VALUES('P00099', '2023-07-19 17:26:51');
INSERT INTO waktu_berkunjung (id_pengunjung, waktu) VALUES('P00062', '2023-07-20 09:23:45');
INSERT INTO waktu_berkunjung (id_pengunjung, waktu) VALUES('P00044', '2023-07-20 12:07:01');
INSERT INTO waktu_berkunjung (id_pengunjung, waktu) VALUES('P00023', '2023-07-20 15:09:12');
INSERT INTO waktu_berkunjung (id_pengunjung, waktu) VALUES('P00044', '2023-07-21 15:46:38');
INSERT INTO waktu_berkunjung (id_pengunjung, waktu) VALUES('P00060', '2023-07-21 15:51:56');
INSERT INTO waktu_berkunjung (id_pengunjung, waktu) VALUES('P00090', '2023-07-22 08:53:29');
INSERT INTO waktu_berkunjung (id_pengunjung, waktu) VALUES('P00078', '2023-07-22 10:12:09');
INSERT INTO waktu_berkunjung (id_pengunjung, waktu) VALUES('P00002', '2023-07-22 13:42:58');
INSERT INTO waktu_berkunjung (id_pengunjung, waktu) VALUES('P00082', '2023-07-22 15:07:23');
INSERT INTO waktu_berkunjung (id_pengunjung, waktu) VALUES('P00051', '2023-07-22 15:19:18');
INSERT INTO waktu_berkunjung (id_pengunjung, waktu) VALUES('P00031', '2023-07-22 16:28:13');
INSERT INTO waktu_berkunjung (id_pengunjung, waktu) VALUES('P00040', '2023-07-22 18:34:13');
INSERT INTO waktu_berkunjung (id_pengunjung, waktu) VALUES('P00086', '2023-07-23 09:00:05');
INSERT INTO waktu_berkunjung (id_pengunjung, waktu) VALUES('P00083', '2023-07-23 09:39:38');
INSERT INTO waktu_berkunjung (id_pengunjung, waktu) VALUES('P00002', '2023-07-23 11:42:53');
INSERT INTO waktu_berkunjung (id_pengunjung, waktu) VALUES('P00028', '2023-07-23 15:20:48');
INSERT INTO waktu_berkunjung (id_pengunjung, waktu) VALUES('P00081', '2023-07-23 18:23:49');
INSERT INTO waktu_berkunjung (id_pengunjung, waktu) VALUES('P00023', '2023-07-24 10:56:07');
INSERT INTO waktu_berkunjung (id_pengunjung, waktu) VALUES('P00011', '2023-07-24 15:21:26');
INSERT INTO waktu_berkunjung (id_pengunjung, waktu) VALUES('P00035', '2023-07-24 16:23:04');
INSERT INTO waktu_berkunjung (id_pengunjung, waktu) VALUES('P00059', '2023-07-24 16:43:55');
INSERT INTO waktu_berkunjung (id_pengunjung, waktu) VALUES('P00066', '2023-07-24 17:37:32');
INSERT INTO waktu_berkunjung (id_pengunjung, waktu) VALUES('P00050', '2023-07-25 07:35:27');
INSERT INTO waktu_berkunjung (id_pengunjung, waktu) VALUES('P00052', '2023-07-25 09:50:06');
INSERT INTO waktu_berkunjung (id_pengunjung, waktu) VALUES('P00021', '2023-07-25 11:27:53');
INSERT INTO waktu_berkunjung (id_pengunjung, waktu) VALUES('P00076', '2023-07-25 12:37:43');
INSERT INTO waktu_berkunjung (id_pengunjung, waktu) VALUES('P00039', '2023-07-26 10:37:18');
INSERT INTO waktu_berkunjung (id_pengunjung, waktu) VALUES('P00070', '2023-07-26 10:56:32');
INSERT INTO waktu_berkunjung (id_pengunjung, waktu) VALUES('P00011', '2023-07-26 11:01:54');
INSERT INTO waktu_berkunjung (id_pengunjung, waktu) VALUES('P00040', '2023-07-26 15:19:16');
INSERT INTO waktu_berkunjung (id_pengunjung, waktu) VALUES('P00072', '2023-07-26 16:29:06');
INSERT INTO waktu_berkunjung (id_pengunjung, waktu) VALUES('P00011', '2023-07-26 16:29:41');
INSERT INTO waktu_berkunjung (id_pengunjung, waktu) VALUES('P00084', '2023-07-26 17:01:30');
INSERT INTO waktu_berkunjung (id_pengunjung, waktu) VALUES('P00029', '2023-07-26 17:07:45');
INSERT INTO waktu_berkunjung (id_pengunjung, waktu) VALUES('P00008', '2023-07-27 08:48:55');
INSERT INTO waktu_berkunjung (id_pengunjung, waktu) VALUES('P00057', '2023-07-27 09:53:22');
INSERT INTO waktu_berkunjung (id_pengunjung, waktu) VALUES('P00010', '2023-07-27 12:06:01');
INSERT INTO waktu_berkunjung (id_pengunjung, waktu) VALUES('P00058', '2023-07-27 16:08:03');
INSERT INTO waktu_berkunjung (id_pengunjung, waktu) VALUES('P00014', '2023-07-27 16:26:33');
INSERT INTO waktu_berkunjung (id_pengunjung, waktu) VALUES('P00051', '2023-07-27 18:19:27');
INSERT INTO waktu_berkunjung (id_pengunjung, waktu) VALUES('P00006', '2023-07-28 08:05:24');
INSERT INTO waktu_berkunjung (id_pengunjung, waktu) VALUES('P00061', '2023-07-28 08:21:03');
INSERT INTO waktu_berkunjung (id_pengunjung, waktu) VALUES('P00070', '2023-07-28 12:26:43');
INSERT INTO waktu_berkunjung (id_pengunjung, waktu) VALUES('P00043', '2023-07-28 17:59:17');
INSERT INTO waktu_berkunjung (id_pengunjung, waktu) VALUES('P00067', '2023-07-29 07:45:11');
INSERT INTO waktu_berkunjung (id_pengunjung, waktu) VALUES('P00023', '2023-07-29 08:24:27');
INSERT INTO waktu_berkunjung (id_pengunjung, waktu) VALUES('P00049', '2023-07-29 08:48:01');
INSERT INTO waktu_berkunjung (id_pengunjung, waktu) VALUES('P00014', '2023-07-30 12:29:54');
INSERT INTO waktu_berkunjung (id_pengunjung, waktu) VALUES('P00049', '2023-07-30 12:37:08');
INSERT INTO waktu_berkunjung (id_pengunjung, waktu) VALUES('P00001', '2023-07-30 15:11:31');
INSERT INTO waktu_berkunjung (id_pengunjung, waktu) VALUES('P00028', '2023-07-30 15:21:35');
INSERT INTO waktu_berkunjung (id_pengunjung, waktu) VALUES('P00099', '2023-07-30 15:48:24');
INSERT INTO waktu_berkunjung (id_pengunjung, waktu) VALUES('P00091', '2023-07-30 18:38:17');
INSERT INTO waktu_berkunjung (id_pengunjung, waktu) VALUES('P00074', '2023-07-31 07:08:55');
INSERT INTO waktu_berkunjung (id_pengunjung, waktu) VALUES('P00053', '2023-07-31 07:11:15');
INSERT INTO waktu_berkunjung (id_pengunjung, waktu) VALUES('P00080', '2023-07-31 07:25:10');
INSERT INTO waktu_berkunjung (id_pengunjung, waktu) VALUES('P00027', '2023-07-31 09:57:46');
INSERT INTO waktu_berkunjung (id_pengunjung, waktu) VALUES('P00084', '2023-07-31 15:42:16');
INSERT INTO waktu_berkunjung (id_pengunjung, waktu) VALUES('P00032', '2023-07-31 17:37:46');
INSERT INTO waktu_berkunjung (id_pengunjung, waktu) VALUES('P00084', '2023-08-01 13:27:12');
INSERT INTO waktu_berkunjung (id_pengunjung, waktu) VALUES('P00004', '2023-08-01 16:41:33');
INSERT INTO waktu_berkunjung (id_pengunjung, waktu) VALUES('P00035', '2023-08-01 17:54:23');
INSERT INTO waktu_berkunjung (id_pengunjung, waktu) VALUES('P00020', '2023-08-01 18:39:40');
INSERT INTO waktu_berkunjung (id_pengunjung, waktu) VALUES('P00020', '2023-08-02 07:03:05');
INSERT INTO waktu_berkunjung (id_pengunjung, waktu) VALUES('P00035', '2023-08-02 11:52:10');
INSERT INTO waktu_berkunjung (id_pengunjung, waktu) VALUES('P00099', '2023-08-02 17:28:03');
INSERT INTO waktu_berkunjung (id_pengunjung, waktu) VALUES('P00082', '2023-08-02 18:35:14');
INSERT INTO waktu_berkunjung (id_pengunjung, waktu) VALUES('P00090', '2023-08-02 18:40:40');
INSERT INTO waktu_berkunjung (id_pengunjung, waktu) VALUES('P00038', '2023-08-03 07:35:45');
INSERT INTO waktu_berkunjung (id_pengunjung, waktu) VALUES('P00096', '2023-08-03 07:53:23');
INSERT INTO waktu_berkunjung (id_pengunjung, waktu) VALUES('P00080', '2023-08-03 09:55:04');
INSERT INTO waktu_berkunjung (id_pengunjung, waktu) VALUES('P00055', '2023-08-03 10:58:33');
INSERT INTO waktu_berkunjung (id_pengunjung, waktu) VALUES('P00082', '2023-08-03 11:15:02');
INSERT INTO waktu_berkunjung (id_pengunjung, waktu) VALUES('P00090', '2023-08-03 12:27:21');
INSERT INTO waktu_berkunjung (id_pengunjung, waktu) VALUES('P00038', '2023-08-04 07:16:03');
INSERT INTO waktu_berkunjung (id_pengunjung, waktu) VALUES('P00015', '2023-08-04 07:56:23');
INSERT INTO waktu_berkunjung (id_pengunjung, waktu) VALUES('P00085', '2023-08-04 08:37:55');
INSERT INTO waktu_berkunjung (id_pengunjung, waktu) VALUES('P00016', '2023-08-04 11:48:22');
INSERT INTO waktu_berkunjung (id_pengunjung, waktu) VALUES('P00011', '2023-08-04 13:08:54');
INSERT INTO waktu_berkunjung (id_pengunjung, waktu) VALUES('P00045', '2023-08-04 13:54:22');
INSERT INTO waktu_berkunjung (id_pengunjung, waktu) VALUES('P00073', '2023-08-04 16:01:15');
INSERT INTO waktu_berkunjung (id_pengunjung, waktu) VALUES('P00031', '2023-08-04 18:27:56');
INSERT INTO waktu_berkunjung (id_pengunjung, waktu) VALUES('P00024', '2023-08-05 10:49:32');
INSERT INTO waktu_berkunjung (id_pengunjung, waktu) VALUES('P00028', '2023-08-05 16:16:01');
INSERT INTO waktu_berkunjung (id_pengunjung, waktu) VALUES('P00026', '2023-08-05 16:44:18');
INSERT INTO waktu_berkunjung (id_pengunjung, waktu) VALUES('P00061', '2023-08-05 18:25:31');
INSERT INTO waktu_berkunjung (id_pengunjung, waktu) VALUES('P00084', '2023-08-06 10:11:14');
INSERT INTO waktu_berkunjung (id_pengunjung, waktu) VALUES('P00076', '2023-08-06 13:14:05');
INSERT INTO waktu_berkunjung (id_pengunjung, waktu) VALUES('P00053', '2023-08-06 14:30:36');
INSERT INTO waktu_berkunjung (id_pengunjung, waktu) VALUES('P00072', '2023-08-06 14:49:42');
INSERT INTO waktu_berkunjung (id_pengunjung, waktu) VALUES('P00052', '2023-08-06 15:18:28');
INSERT INTO waktu_berkunjung (id_pengunjung, waktu) VALUES('P00059', '2023-08-06 17:11:03');
INSERT INTO waktu_berkunjung (id_pengunjung, waktu) VALUES('P00094', '2023-08-07 08:29:11');
INSERT INTO waktu_berkunjung (id_pengunjung, waktu) VALUES('P00012', '2023-08-07 08:54:52');
INSERT INTO waktu_berkunjung (id_pengunjung, waktu) VALUES('P00086', '2023-08-07 10:41:45');
INSERT INTO waktu_berkunjung (id_pengunjung, waktu) VALUES('P00100', '2023-08-07 11:54:07');
INSERT INTO waktu_berkunjung (id_pengunjung, waktu) VALUES('P00052', '2023-08-07 12:01:59');
INSERT INTO waktu_berkunjung (id_pengunjung, waktu) VALUES('P00052', '2023-08-07 15:18:49');
INSERT INTO waktu_berkunjung (id_pengunjung, waktu) VALUES('P00004', '2023-08-07 16:52:35');
INSERT INTO waktu_berkunjung (id_pengunjung, waktu) VALUES('P00056', '2023-08-07 18:42:35');
INSERT INTO waktu_berkunjung (id_pengunjung, waktu) VALUES('P00032', '2023-08-08 09:48:54');
INSERT INTO waktu_berkunjung (id_pengunjung, waktu) VALUES('P00078', '2023-08-08 10:13:38');
INSERT INTO waktu_berkunjung (id_pengunjung, waktu) VALUES('P00032', '2023-08-08 14:38:44');
INSERT INTO waktu_berkunjung (id_pengunjung, waktu) VALUES('P00061', '2023-08-08 18:54:44');
INSERT INTO waktu_berkunjung (id_pengunjung, waktu) VALUES('P00045', '2023-08-09 08:59:00');
INSERT INTO waktu_berkunjung (id_pengunjung, waktu) VALUES('P00028', '2023-08-09 09:06:56');
INSERT INTO waktu_berkunjung (id_pengunjung, waktu) VALUES('P00086', '2023-08-09 12:47:21');
INSERT INTO waktu_berkunjung (id_pengunjung, waktu) VALUES('P00090', '2023-08-09 14:01:49');
INSERT INTO waktu_berkunjung (id_pengunjung, waktu) VALUES('P00054', '2023-08-09 15:50:19');
INSERT INTO waktu_berkunjung (id_pengunjung, waktu) VALUES('P00008', '2023-08-09 17:52:06');
INSERT INTO waktu_berkunjung (id_pengunjung, waktu) VALUES('P00074', '2023-08-10 07:08:40');
INSERT INTO waktu_berkunjung (id_pengunjung, waktu) VALUES('P00098', '2023-08-10 10:08:40');
INSERT INTO waktu_berkunjung (id_pengunjung, waktu) VALUES('P00020', '2023-08-10 10:47:21');
INSERT INTO waktu_berkunjung (id_pengunjung, waktu) VALUES('P00003', '2023-08-10 14:05:33');
INSERT INTO waktu_berkunjung (id_pengunjung, waktu) VALUES('P00019', '2023-08-10 14:33:35');
INSERT INTO waktu_berkunjung (id_pengunjung, waktu) VALUES('P00042', '2023-08-11 11:04:07');
INSERT INTO waktu_berkunjung (id_pengunjung, waktu) VALUES('P00093', '2023-08-11 14:42:04');
INSERT INTO waktu_berkunjung (id_pengunjung, waktu) VALUES('P00049', '2023-08-12 09:11:53');
INSERT INTO waktu_berkunjung (id_pengunjung, waktu) VALUES('P00080', '2023-08-12 09:27:40');
INSERT INTO waktu_berkunjung (id_pengunjung, waktu) VALUES('P00020', '2023-08-12 11:37:20');
INSERT INTO waktu_berkunjung (id_pengunjung, waktu) VALUES('P00036', '2023-08-12 12:33:01');
INSERT INTO waktu_berkunjung (id_pengunjung, waktu) VALUES('P00100', '2023-08-12 14:43:07');
INSERT INTO waktu_berkunjung (id_pengunjung, waktu) VALUES('P00001', '2023-08-12 16:19:36');
INSERT INTO waktu_berkunjung (id_pengunjung, waktu) VALUES('P00013', '2023-08-13 07:30:26');
INSERT INTO waktu_berkunjung (id_pengunjung, waktu) VALUES('P00042', '2023-08-13 07:46:35');
INSERT INTO waktu_berkunjung (id_pengunjung, waktu) VALUES('P00014', '2023-08-13 09:51:04');
INSERT INTO waktu_berkunjung (id_pengunjung, waktu) VALUES('P00073', '2023-08-13 10:02:30');
INSERT INTO waktu_berkunjung (id_pengunjung, waktu) VALUES('P00005', '2023-08-13 12:05:32');
INSERT INTO waktu_berkunjung (id_pengunjung, waktu) VALUES('P00007', '2023-08-13 12:44:47');
INSERT INTO waktu_berkunjung (id_pengunjung, waktu) VALUES('P00097', '2023-08-13 15:29:45');
INSERT INTO waktu_berkunjung (id_pengunjung, waktu) VALUES('P00025', '2023-08-14 10:09:43');
INSERT INTO waktu_berkunjung (id_pengunjung, waktu) VALUES('P00029', '2023-08-14 12:20:16');
INSERT INTO waktu_berkunjung (id_pengunjung, waktu) VALUES('P00005', '2023-08-14 16:49:35');
INSERT INTO waktu_berkunjung (id_pengunjung, waktu) VALUES('P00010', '2023-08-14 17:32:09');
INSERT INTO waktu_berkunjung (id_pengunjung, waktu) VALUES('P00057', '2023-08-15 07:54:09');
INSERT INTO waktu_berkunjung (id_pengunjung, waktu) VALUES('P00041', '2023-08-15 09:29:17');
INSERT INTO waktu_berkunjung (id_pengunjung, waktu) VALUES('P00046', '2023-08-15 09:50:28');
INSERT INTO waktu_berkunjung (id_pengunjung, waktu) VALUES('P00090', '2023-08-15 12:34:53');
INSERT INTO waktu_berkunjung (id_pengunjung, waktu) VALUES('P00050', '2023-08-15 16:01:32');
INSERT INTO waktu_berkunjung (id_pengunjung, waktu) VALUES('P00023', '2023-08-15 18:12:26');
INSERT INTO waktu_berkunjung (id_pengunjung, waktu) VALUES('P00049', '2023-08-16 07:39:08');
INSERT INTO waktu_berkunjung (id_pengunjung, waktu) VALUES('P00093', '2023-08-16 08:23:53');
INSERT INTO waktu_berkunjung (id_pengunjung, waktu) VALUES('P00064', '2023-08-16 11:49:34');
INSERT INTO waktu_berkunjung (id_pengunjung, waktu) VALUES('P00055', '2023-08-16 12:12:49');
INSERT INTO waktu_berkunjung (id_pengunjung, waktu) VALUES('P00041', '2023-08-16 12:35:52');
INSERT INTO waktu_berkunjung (id_pengunjung, waktu) VALUES('P00062', '2023-08-16 14:34:53');
INSERT INTO waktu_berkunjung (id_pengunjung, waktu) VALUES('P00011', '2023-08-17 07:21:24');
INSERT INTO waktu_berkunjung (id_pengunjung, waktu) VALUES('P00034', '2023-08-17 08:24:19');
INSERT INTO waktu_berkunjung (id_pengunjung, waktu) VALUES('P00002', '2023-08-17 12:01:32');
INSERT INTO waktu_berkunjung (id_pengunjung, waktu) VALUES('P00031', '2023-08-17 12:22:49');
INSERT INTO waktu_berkunjung (id_pengunjung, waktu) VALUES('P00055', '2023-08-17 14:14:02');
INSERT INTO waktu_berkunjung (id_pengunjung, waktu) VALUES('P00082', '2023-08-17 14:26:52');
INSERT INTO waktu_berkunjung (id_pengunjung, waktu) VALUES('P00030', '2023-08-17 16:26:01');
INSERT INTO waktu_berkunjung (id_pengunjung, waktu) VALUES('P00069', '2023-08-17 16:30:16');
INSERT INTO waktu_berkunjung (id_pengunjung, waktu) VALUES('P00009', '2023-08-17 17:44:59');
INSERT INTO waktu_berkunjung (id_pengunjung, waktu) VALUES('P00064', '2023-08-17 18:57:28');
INSERT INTO waktu_berkunjung (id_pengunjung, waktu) VALUES('P00038', '2023-08-18 09:36:11');
INSERT INTO waktu_berkunjung (id_pengunjung, waktu) VALUES('P00092', '2023-08-18 10:38:28');
INSERT INTO waktu_berkunjung (id_pengunjung, waktu) VALUES('P00032', '2023-08-18 15:16:36');
INSERT INTO waktu_berkunjung (id_pengunjung, waktu) VALUES('P00076', '2023-08-18 18:23:31');
INSERT INTO waktu_berkunjung (id_pengunjung, waktu) VALUES('P00086', '2023-08-18 18:46:39');
INSERT INTO waktu_berkunjung (id_pengunjung, waktu) VALUES('P00015', '2023-08-19 09:42:30');
INSERT INTO waktu_berkunjung (id_pengunjung, waktu) VALUES('P00098', '2023-08-19 10:00:15');
INSERT INTO waktu_berkunjung (id_pengunjung, waktu) VALUES('P00011', '2023-08-19 10:37:10');
INSERT INTO waktu_berkunjung (id_pengunjung, waktu) VALUES('P00088', '2023-08-19 11:43:15');
INSERT INTO waktu_berkunjung (id_pengunjung, waktu) VALUES('P00098', '2023-08-19 13:09:53');
INSERT INTO waktu_berkunjung (id_pengunjung, waktu) VALUES('P00037', '2023-08-19 13:12:14');
INSERT INTO waktu_berkunjung (id_pengunjung, waktu) VALUES('P00085', '2023-08-19 15:45:46');
INSERT INTO waktu_berkunjung (id_pengunjung, waktu) VALUES('P00029', '2023-08-19 16:36:20');
INSERT INTO waktu_berkunjung (id_pengunjung, waktu) VALUES('P00032', '2023-08-19 18:08:16');
INSERT INTO waktu_berkunjung (id_pengunjung, waktu) VALUES('P00013', '2023-08-20 09:34:32');
INSERT INTO waktu_berkunjung (id_pengunjung, waktu) VALUES('P00059', '2023-08-20 10:48:31');
INSERT INTO waktu_berkunjung (id_pengunjung, waktu) VALUES('P00096', '2023-08-20 12:32:30');
INSERT INTO waktu_berkunjung (id_pengunjung, waktu) VALUES('P00025', '2023-08-20 13:18:45');
INSERT INTO waktu_berkunjung (id_pengunjung, waktu) VALUES('P00025', '2023-08-20 17:29:41');
INSERT INTO waktu_berkunjung (id_pengunjung, waktu) VALUES('P00076', '2023-08-20 17:47:00');
INSERT INTO waktu_berkunjung (id_pengunjung, waktu) VALUES('P00017', '2023-08-21 08:11:56');
INSERT INTO waktu_berkunjung (id_pengunjung, waktu) VALUES('P00013', '2023-08-21 10:07:00');
INSERT INTO waktu_berkunjung (id_pengunjung, waktu) VALUES('P00083', '2023-08-21 10:50:38');
INSERT INTO waktu_berkunjung (id_pengunjung, waktu) VALUES('P00070', '2023-08-21 18:07:53');
INSERT INTO waktu_berkunjung (id_pengunjung, waktu) VALUES('P00066', '2023-08-21 18:30:51');
INSERT INTO waktu_berkunjung (id_pengunjung, waktu) VALUES('P00071', '2023-08-22 07:11:42');
INSERT INTO waktu_berkunjung (id_pengunjung, waktu) VALUES('P00082', '2023-08-22 09:17:19');
INSERT INTO waktu_berkunjung (id_pengunjung, waktu) VALUES('P00088', '2023-08-22 09:35:31');
INSERT INTO waktu_berkunjung (id_pengunjung, waktu) VALUES('P00100', '2023-08-22 10:21:02');
INSERT INTO waktu_berkunjung (id_pengunjung, waktu) VALUES('P00018', '2023-08-22 10:39:22');
INSERT INTO waktu_berkunjung (id_pengunjung, waktu) VALUES('P00044', '2023-08-22 12:52:18');
INSERT INTO waktu_berkunjung (id_pengunjung, waktu) VALUES('P00010', '2023-08-22 14:29:10');
INSERT INTO waktu_berkunjung (id_pengunjung, waktu) VALUES('P00081', '2023-08-22 16:47:46');
INSERT INTO waktu_berkunjung (id_pengunjung, waktu) VALUES('P00031', '2023-08-22 17:04:46');
INSERT INTO waktu_berkunjung (id_pengunjung, waktu) VALUES('P00029', '2023-08-22 17:14:21');
INSERT INTO waktu_berkunjung (id_pengunjung, waktu) VALUES('P00088', '2023-08-22 18:41:33');
INSERT INTO waktu_berkunjung (id_pengunjung, waktu) VALUES('P00100', '2023-08-23 08:49:26');
INSERT INTO waktu_berkunjung (id_pengunjung, waktu) VALUES('P00051', '2023-08-23 09:10:00');
INSERT INTO waktu_berkunjung (id_pengunjung, waktu) VALUES('P00050', '2023-08-23 14:34:02');
INSERT INTO waktu_berkunjung (id_pengunjung, waktu) VALUES('P00057', '2023-08-24 07:29:24');
INSERT INTO waktu_berkunjung (id_pengunjung, waktu) VALUES('P00041', '2023-08-24 09:58:26');
INSERT INTO waktu_berkunjung (id_pengunjung, waktu) VALUES('P00005', '2023-08-24 10:34:43');
INSERT INTO waktu_berkunjung (id_pengunjung, waktu) VALUES('P00030', '2023-08-24 11:01:20');
INSERT INTO waktu_berkunjung (id_pengunjung, waktu) VALUES('P00028', '2023-08-24 18:23:21');
INSERT INTO waktu_berkunjung (id_pengunjung, waktu) VALUES('P00089', '2023-08-25 17:00:52');
INSERT INTO waktu_berkunjung (id_pengunjung, waktu) VALUES('P00071', '2023-08-25 18:45:16');
INSERT INTO waktu_berkunjung (id_pengunjung, waktu) VALUES('P00051', '2023-08-25 18:48:11');
INSERT INTO waktu_berkunjung (id_pengunjung, waktu) VALUES('P00040', '2023-08-26 08:29:40');
INSERT INTO waktu_berkunjung (id_pengunjung, waktu) VALUES('P00077', '2023-08-26 10:31:18');
INSERT INTO waktu_berkunjung (id_pengunjung, waktu) VALUES('P00012', '2023-08-26 12:08:24');
INSERT INTO waktu_berkunjung (id_pengunjung, waktu) VALUES('P00073', '2023-08-26 13:15:06');
INSERT INTO waktu_berkunjung (id_pengunjung, waktu) VALUES('P00066', '2023-08-26 14:36:32');
INSERT INTO waktu_berkunjung (id_pengunjung, waktu) VALUES('P00037', '2023-08-26 16:40:09');
INSERT INTO waktu_berkunjung (id_pengunjung, waktu) VALUES('P00049', '2023-08-26 18:01:59');
INSERT INTO waktu_berkunjung (id_pengunjung, waktu) VALUES('P00068', '2023-08-27 07:15:23');
INSERT INTO waktu_berkunjung (id_pengunjung, waktu) VALUES('P00099', '2023-08-27 08:25:35');
INSERT INTO waktu_berkunjung (id_pengunjung, waktu) VALUES('P00085', '2023-08-27 10:43:28');
INSERT INTO waktu_berkunjung (id_pengunjung, waktu) VALUES('P00039', '2023-08-27 14:30:43');
INSERT INTO waktu_berkunjung (id_pengunjung, waktu) VALUES('P00004', '2023-08-27 17:08:28');
INSERT INTO waktu_berkunjung (id_pengunjung, waktu) VALUES('P00023', '2023-08-27 17:16:00');
INSERT INTO waktu_berkunjung (id_pengunjung, waktu) VALUES('P00017', '2023-08-28 08:34:15');
INSERT INTO waktu_berkunjung (id_pengunjung, waktu) VALUES('P00027', '2023-08-28 09:40:30');
INSERT INTO waktu_berkunjung (id_pengunjung, waktu) VALUES('P00059', '2023-08-28 09:58:57');
INSERT INTO waktu_berkunjung (id_pengunjung, waktu) VALUES('P00015', '2023-08-28 11:28:49');
INSERT INTO waktu_berkunjung (id_pengunjung, waktu) VALUES('P00042', '2023-08-28 11:31:52');
INSERT INTO waktu_berkunjung (id_pengunjung, waktu) VALUES('P00075', '2023-08-28 14:24:30');
INSERT INTO waktu_berkunjung (id_pengunjung, waktu) VALUES('P00057', '2023-08-28 14:47:47');
INSERT INTO waktu_berkunjung (id_pengunjung, waktu) VALUES('P00060', '2023-08-28 15:16:42');
INSERT INTO waktu_berkunjung (id_pengunjung, waktu) VALUES('P00084', '2023-08-28 17:27:04');
INSERT INTO waktu_berkunjung (id_pengunjung, waktu) VALUES('P00050', '2023-08-28 17:54:58');
INSERT INTO waktu_berkunjung (id_pengunjung, waktu) VALUES('P00043', '2023-08-29 08:02:33');
INSERT INTO waktu_berkunjung (id_pengunjung, waktu) VALUES('P00023', '2023-08-29 09:59:54');
INSERT INTO waktu_berkunjung (id_pengunjung, waktu) VALUES('P00088', '2023-08-29 12:40:08');
INSERT INTO waktu_berkunjung (id_pengunjung, waktu) VALUES('P00022', '2023-08-30 08:10:55');
INSERT INTO waktu_berkunjung (id_pengunjung, waktu) VALUES('P00064', '2023-08-30 11:46:43');
INSERT INTO waktu_berkunjung (id_pengunjung, waktu) VALUES('P00092', '2023-08-30 11:57:59');
INSERT INTO waktu_berkunjung (id_pengunjung, waktu) VALUES('P00054', '2023-08-30 12:38:41');
INSERT INTO waktu_berkunjung (id_pengunjung, waktu) VALUES('P00028', '2023-08-30 13:44:19');
INSERT INTO waktu_berkunjung (id_pengunjung, waktu) VALUES('P00063', '2023-08-30 15:28:59');
INSERT INTO waktu_berkunjung (id_pengunjung, waktu) VALUES('P00071', '2023-08-30 15:40:28');
INSERT INTO waktu_berkunjung (id_pengunjung, waktu) VALUES('P00075', '2023-08-30 16:37:13');
INSERT INTO waktu_berkunjung (id_pengunjung, waktu) VALUES('P00017', '2023-08-30 16:50:40');
INSERT INTO waktu_berkunjung (id_pengunjung, waktu) VALUES('P00056', '2023-08-31 07:48:45');
INSERT INTO waktu_berkunjung (id_pengunjung, waktu) VALUES('P00037', '2023-08-31 09:40:26');
INSERT INTO waktu_berkunjung (id_pengunjung, waktu) VALUES('P00058', '2023-08-31 12:37:55');
INSERT INTO waktu_berkunjung (id_pengunjung, waktu) VALUES('P00056', '2023-08-31 13:44:35');
INSERT INTO waktu_berkunjung (id_pengunjung, waktu) VALUES('P00038', '2023-08-31 13:45:07');
INSERT INTO waktu_berkunjung (id_pengunjung, waktu) VALUES('P00054', '2023-08-31 13:52:39');
INSERT INTO waktu_berkunjung (id_pengunjung, waktu) VALUES('P00073', '2023-08-31 13:53:44');
INSERT INTO waktu_berkunjung (id_pengunjung, waktu) VALUES('P00028', '2023-08-31 16:41:15');
INSERT INTO waktu_berkunjung (id_pengunjung, waktu) VALUES('P00011', '2023-08-31 18:11:39');
INSERT INTO waktu_berkunjung (id_pengunjung, waktu) VALUES('P00022', '2023-09-01 07:11:51');
INSERT INTO waktu_berkunjung (id_pengunjung, waktu) VALUES('P00027', '2023-09-01 09:52:45');
INSERT INTO waktu_berkunjung (id_pengunjung, waktu) VALUES('P00003', '2023-09-01 10:06:48');
INSERT INTO waktu_berkunjung (id_pengunjung, waktu) VALUES('P00039', '2023-09-01 10:37:42');
INSERT INTO waktu_berkunjung (id_pengunjung, waktu) VALUES('P00058', '2023-09-01 12:16:30');
INSERT INTO waktu_berkunjung (id_pengunjung, waktu) VALUES('P00022', '2023-09-01 14:19:35');
INSERT INTO waktu_berkunjung (id_pengunjung, waktu) VALUES('P00022', '2023-09-01 14:56:51');
INSERT INTO waktu_berkunjung (id_pengunjung, waktu) VALUES('P00063', '2023-09-01 17:34:32');
INSERT INTO waktu_berkunjung (id_pengunjung, waktu) VALUES('P00067', '2023-09-02 13:00:07');
INSERT INTO waktu_berkunjung (id_pengunjung, waktu) VALUES('P00045', '2023-09-02 14:52:43');
INSERT INTO waktu_berkunjung (id_pengunjung, waktu) VALUES('P00100', '2023-09-02 15:12:11');
INSERT INTO waktu_berkunjung (id_pengunjung, waktu) VALUES('P00056', '2023-09-02 15:41:22');
INSERT INTO waktu_berkunjung (id_pengunjung, waktu) VALUES('P00011', '2023-09-02 16:25:32');
INSERT INTO waktu_berkunjung (id_pengunjung, waktu) VALUES('P00005', '2023-09-03 08:43:57');
INSERT INTO waktu_berkunjung (id_pengunjung, waktu) VALUES('P00082', '2023-09-03 11:10:41');
INSERT INTO waktu_berkunjung (id_pengunjung, waktu) VALUES('P00067', '2023-09-03 14:13:08');
INSERT INTO waktu_berkunjung (id_pengunjung, waktu) VALUES('P00009', '2023-09-03 18:37:35');
INSERT INTO waktu_berkunjung (id_pengunjung, waktu) VALUES('P00036', '2023-09-04 09:14:42');
INSERT INTO waktu_berkunjung (id_pengunjung, waktu) VALUES('P00100', '2023-09-04 09:46:53');
INSERT INTO waktu_berkunjung (id_pengunjung, waktu) VALUES('P00043', '2023-09-04 11:57:46');
INSERT INTO waktu_berkunjung (id_pengunjung, waktu) VALUES('P00037', '2023-09-04 12:42:20');
INSERT INTO waktu_berkunjung (id_pengunjung, waktu) VALUES('P00041', '2023-09-04 14:16:59');
INSERT INTO waktu_berkunjung (id_pengunjung, waktu) VALUES('P00080', '2023-09-05 16:04:47');
INSERT INTO waktu_berkunjung (id_pengunjung, waktu) VALUES('P00079', '2023-09-06 07:01:27');
INSERT INTO waktu_berkunjung (id_pengunjung, waktu) VALUES('P00010', '2023-09-06 07:03:17');
INSERT INTO waktu_berkunjung (id_pengunjung, waktu) VALUES('P00064', '2023-09-06 07:50:13');
INSERT INTO waktu_berkunjung (id_pengunjung, waktu) VALUES('P00043', '2023-09-06 12:06:38');
INSERT INTO waktu_berkunjung (id_pengunjung, waktu) VALUES('P00021', '2023-09-06 12:55:33');
INSERT INTO waktu_berkunjung (id_pengunjung, waktu) VALUES('P00016', '2023-09-06 15:28:35');
INSERT INTO waktu_berkunjung (id_pengunjung, waktu) VALUES('P00009', '2023-09-07 08:04:51');
INSERT INTO waktu_berkunjung (id_pengunjung, waktu) VALUES('P00085', '2023-09-07 09:14:56');
INSERT INTO waktu_berkunjung (id_pengunjung, waktu) VALUES('P00044', '2023-09-07 09:50:11');
INSERT INTO waktu_berkunjung (id_pengunjung, waktu) VALUES('P00023', '2023-09-07 09:50:57');
INSERT INTO waktu_berkunjung (id_pengunjung, waktu) VALUES('P00008', '2023-09-07 10:59:40');
INSERT INTO waktu_berkunjung (id_pengunjung, waktu) VALUES('P00041', '2023-09-07 11:12:47');
INSERT INTO waktu_berkunjung (id_pengunjung, waktu) VALUES('P00027', '2023-09-07 12:58:53');
INSERT INTO waktu_berkunjung (id_pengunjung, waktu) VALUES('P00054', '2023-09-07 15:07:47');
INSERT INTO waktu_berkunjung (id_pengunjung, waktu) VALUES('P00006', '2023-09-08 14:01:48');
INSERT INTO waktu_berkunjung (id_pengunjung, waktu) VALUES('P00039', '2023-09-08 16:50:00');
INSERT INTO waktu_berkunjung (id_pengunjung, waktu) VALUES('P00059', '2023-09-08 17:08:18');
INSERT INTO waktu_berkunjung (id_pengunjung, waktu) VALUES('P00097', '2023-09-08 18:16:37');
INSERT INTO waktu_berkunjung (id_pengunjung, waktu) VALUES('P00075', '2023-09-09 13:49:28');
INSERT INTO waktu_berkunjung (id_pengunjung, waktu) VALUES('P00024', '2023-09-10 09:07:44');
INSERT INTO waktu_berkunjung (id_pengunjung, waktu) VALUES('P00001', '2023-09-10 09:15:13');
INSERT INTO waktu_berkunjung (id_pengunjung, waktu) VALUES('P00017', '2023-09-10 13:33:01');
INSERT INTO waktu_berkunjung (id_pengunjung, waktu) VALUES('P00011', '2023-09-11 07:44:26');
INSERT INTO waktu_berkunjung (id_pengunjung, waktu) VALUES('P00022', '2023-09-11 07:58:13');
INSERT INTO waktu_berkunjung (id_pengunjung, waktu) VALUES('P00055', '2023-09-11 09:42:39');
INSERT INTO waktu_berkunjung (id_pengunjung, waktu) VALUES('P00098', '2023-09-11 10:50:42');
INSERT INTO waktu_berkunjung (id_pengunjung, waktu) VALUES('P00027', '2023-09-11 12:14:14');
INSERT INTO waktu_berkunjung (id_pengunjung, waktu) VALUES('P00062', '2023-09-11 13:43:39');
INSERT INTO waktu_berkunjung (id_pengunjung, waktu) VALUES('P00023', '2023-09-11 15:45:11');
INSERT INTO waktu_berkunjung (id_pengunjung, waktu) VALUES('P00068', '2023-09-11 16:40:28');
INSERT INTO waktu_berkunjung (id_pengunjung, waktu) VALUES('P00011', '2023-09-11 17:17:13');
INSERT INTO waktu_berkunjung (id_pengunjung, waktu) VALUES('P00066', '2023-09-11 18:25:39');
INSERT INTO waktu_berkunjung (id_pengunjung, waktu) VALUES('P00033', '2023-09-12 07:20:07');
INSERT INTO waktu_berkunjung (id_pengunjung, waktu) VALUES('P00040', '2023-09-12 11:53:11');
INSERT INTO waktu_berkunjung (id_pengunjung, waktu) VALUES('P00077', '2023-09-12 15:34:48');
INSERT INTO waktu_berkunjung (id_pengunjung, waktu) VALUES('P00041', '2023-09-12 16:10:18');
INSERT INTO waktu_berkunjung (id_pengunjung, waktu) VALUES('P00046', '2023-09-12 17:42:07');
INSERT INTO waktu_berkunjung (id_pengunjung, waktu) VALUES('P00072', '2023-09-12 18:45:34');
INSERT INTO waktu_berkunjung (id_pengunjung, waktu) VALUES('P00091', '2023-09-13 16:48:17');
INSERT INTO waktu_berkunjung (id_pengunjung, waktu) VALUES('P00059', '2023-09-13 17:55:44');
INSERT INTO waktu_berkunjung (id_pengunjung, waktu) VALUES('P00061', '2023-09-13 18:40:02');
INSERT INTO waktu_berkunjung (id_pengunjung, waktu) VALUES('P00085', '2023-09-14 08:05:29');
INSERT INTO waktu_berkunjung (id_pengunjung, waktu) VALUES('P00096', '2023-09-14 13:41:38');
INSERT INTO waktu_berkunjung (id_pengunjung, waktu) VALUES('P00067', '2023-09-15 07:12:22');
INSERT INTO waktu_berkunjung (id_pengunjung, waktu) VALUES('P00036', '2023-09-15 08:09:15');
INSERT INTO waktu_berkunjung (id_pengunjung, waktu) VALUES('P00060', '2023-09-15 11:00:19');
INSERT INTO waktu_berkunjung (id_pengunjung, waktu) VALUES('P00023', '2023-09-15 12:47:03');
INSERT INTO waktu_berkunjung (id_pengunjung, waktu) VALUES('P00086', '2023-09-15 14:41:19');
INSERT INTO waktu_berkunjung (id_pengunjung, waktu) VALUES('P00088', '2023-09-15 15:39:36');
INSERT INTO waktu_berkunjung (id_pengunjung, waktu) VALUES('P00001', '2023-09-15 16:32:43');
INSERT INTO waktu_berkunjung (id_pengunjung, waktu) VALUES('P00002', '2023-09-15 17:15:36');
INSERT INTO waktu_berkunjung (id_pengunjung, waktu) VALUES('P00061', '2023-09-15 17:27:26');
INSERT INTO waktu_berkunjung (id_pengunjung, waktu) VALUES('P00004', '2023-09-15 18:04:56');
INSERT INTO waktu_berkunjung (id_pengunjung, waktu) VALUES('P00060', '2023-09-16 08:40:13');
INSERT INTO waktu_berkunjung (id_pengunjung, waktu) VALUES('P00035', '2023-09-16 10:03:38');
INSERT INTO waktu_berkunjung (id_pengunjung, waktu) VALUES('P00097', '2023-09-16 14:01:23');
INSERT INTO waktu_berkunjung (id_pengunjung, waktu) VALUES('P00054', '2023-09-16 14:23:02');
INSERT INTO waktu_berkunjung (id_pengunjung, waktu) VALUES('P00098', '2023-09-16 15:36:08');
INSERT INTO waktu_berkunjung (id_pengunjung, waktu) VALUES('P00072', '2023-09-16 15:45:00');
INSERT INTO waktu_berkunjung (id_pengunjung, waktu) VALUES('P00017', '2023-09-16 17:12:57');
INSERT INTO waktu_berkunjung (id_pengunjung, waktu) VALUES('P00079', '2023-09-17 11:35:37');
INSERT INTO waktu_berkunjung (id_pengunjung, waktu) VALUES('P00077', '2023-09-17 14:46:50');
INSERT INTO waktu_berkunjung (id_pengunjung, waktu) VALUES('P00043', '2023-09-17 15:01:17');
INSERT INTO waktu_berkunjung (id_pengunjung, waktu) VALUES('P00088', '2023-09-17 18:43:08');
INSERT INTO waktu_berkunjung (id_pengunjung, waktu) VALUES('P00012', '2023-09-18 09:16:40');
INSERT INTO waktu_berkunjung (id_pengunjung, waktu) VALUES('P00012', '2023-09-18 10:05:41');
INSERT INTO waktu_berkunjung (id_pengunjung, waktu) VALUES('P00028', '2023-09-18 15:14:34');
INSERT INTO waktu_berkunjung (id_pengunjung, waktu) VALUES('P00054', '2023-09-19 10:18:26');
INSERT INTO waktu_berkunjung (id_pengunjung, waktu) VALUES('P00033', '2023-09-19 14:07:17');
INSERT INTO waktu_berkunjung (id_pengunjung, waktu) VALUES('P00072', '2023-09-19 14:12:51');
INSERT INTO waktu_berkunjung (id_pengunjung, waktu) VALUES('P00066', '2023-09-19 16:46:59');
INSERT INTO waktu_berkunjung (id_pengunjung, waktu) VALUES('P00071', '2023-09-19 17:08:05');
INSERT INTO waktu_berkunjung (id_pengunjung, waktu) VALUES('P00023', '2023-09-20 07:45:38');
INSERT INTO waktu_berkunjung (id_pengunjung, waktu) VALUES('P00078', '2023-09-20 08:19:17');
INSERT INTO waktu_berkunjung (id_pengunjung, waktu) VALUES('P00095', '2023-09-20 10:32:08');
INSERT INTO waktu_berkunjung (id_pengunjung, waktu) VALUES('P00055', '2023-09-20 10:42:17');
INSERT INTO waktu_berkunjung (id_pengunjung, waktu) VALUES('P00035', '2023-09-20 11:04:42');
INSERT INTO waktu_berkunjung (id_pengunjung, waktu) VALUES('P00068', '2023-09-20 12:48:02');
INSERT INTO waktu_berkunjung (id_pengunjung, waktu) VALUES('P00071', '2023-09-20 13:08:00');
INSERT INTO waktu_berkunjung (id_pengunjung, waktu) VALUES('P00048', '2023-09-20 13:53:26');
INSERT INTO waktu_berkunjung (id_pengunjung, waktu) VALUES('P00064', '2023-09-20 16:35:35');
INSERT INTO waktu_berkunjung (id_pengunjung, waktu) VALUES('P00061', '2023-09-20 18:45:43');
INSERT INTO waktu_berkunjung (id_pengunjung, waktu) VALUES('P00041', '2023-09-21 07:47:36');
INSERT INTO waktu_berkunjung (id_pengunjung, waktu) VALUES('P00008', '2023-09-21 08:35:26');
INSERT INTO waktu_berkunjung (id_pengunjung, waktu) VALUES('P00067', '2023-09-21 09:17:12');
INSERT INTO waktu_berkunjung (id_pengunjung, waktu) VALUES('P00066', '2023-09-21 10:53:36');
INSERT INTO waktu_berkunjung (id_pengunjung, waktu) VALUES('P00100', '2023-09-21 10:53:43');
INSERT INTO waktu_berkunjung (id_pengunjung, waktu) VALUES('P00082', '2023-09-21 12:47:00');
INSERT INTO waktu_berkunjung (id_pengunjung, waktu) VALUES('P00021', '2023-09-21 16:34:01');
INSERT INTO waktu_berkunjung (id_pengunjung, waktu) VALUES('P00078', '2023-09-21 17:46:34');
INSERT INTO waktu_berkunjung (id_pengunjung, waktu) VALUES('P00082', '2023-09-22 07:20:17');
INSERT INTO waktu_berkunjung (id_pengunjung, waktu) VALUES('P00002', '2023-09-22 12:06:35');
INSERT INTO waktu_berkunjung (id_pengunjung, waktu) VALUES('P00052', '2023-09-22 12:24:17');
INSERT INTO waktu_berkunjung (id_pengunjung, waktu) VALUES('P00036', '2023-09-22 15:31:04');
INSERT INTO waktu_berkunjung (id_pengunjung, waktu) VALUES('P00047', '2023-09-22 16:30:41');
INSERT INTO waktu_berkunjung (id_pengunjung, waktu) VALUES('P00056', '2023-09-22 18:05:08');
INSERT INTO waktu_berkunjung (id_pengunjung, waktu) VALUES('P00071', '2023-09-23 07:49:45');
INSERT INTO waktu_berkunjung (id_pengunjung, waktu) VALUES('P00006', '2023-09-23 10:43:23');
INSERT INTO waktu_berkunjung (id_pengunjung, waktu) VALUES('P00003', '2023-09-23 11:43:54');
INSERT INTO waktu_berkunjung (id_pengunjung, waktu) VALUES('P00062', '2023-09-23 15:52:02');
INSERT INTO waktu_berkunjung (id_pengunjung, waktu) VALUES('P00046', '2023-09-23 16:51:46');
INSERT INTO waktu_berkunjung (id_pengunjung, waktu) VALUES('P00016', '2023-09-24 08:46:31');
INSERT INTO waktu_berkunjung (id_pengunjung, waktu) VALUES('P00029', '2023-09-24 14:50:22');
INSERT INTO waktu_berkunjung (id_pengunjung, waktu) VALUES('P00068', '2023-09-24 15:04:46');
INSERT INTO waktu_berkunjung (id_pengunjung, waktu) VALUES('P00001', '2023-09-24 15:38:23');
INSERT INTO waktu_berkunjung (id_pengunjung, waktu) VALUES('P00082', '2023-09-24 17:28:40');
INSERT INTO waktu_berkunjung (id_pengunjung, waktu) VALUES('P00071', '2023-09-24 17:31:26');
INSERT INTO waktu_berkunjung (id_pengunjung, waktu) VALUES('P00084', '2023-09-24 18:02:59');
INSERT INTO waktu_berkunjung (id_pengunjung, waktu) VALUES('P00004', '2023-09-24 18:21:18');
INSERT INTO waktu_berkunjung (id_pengunjung, waktu) VALUES('P00034', '2023-09-25 07:37:19');
INSERT INTO waktu_berkunjung (id_pengunjung, waktu) VALUES('P00056', '2023-09-25 12:05:12');
INSERT INTO waktu_berkunjung (id_pengunjung, waktu) VALUES('P00045', '2023-09-25 14:30:45');
INSERT INTO waktu_berkunjung (id_pengunjung, waktu) VALUES('P00085', '2023-09-25 18:48:48');
INSERT INTO waktu_berkunjung (id_pengunjung, waktu) VALUES('P00065', '2023-09-26 09:24:50');
INSERT INTO waktu_berkunjung (id_pengunjung, waktu) VALUES('P00023', '2023-09-26 09:35:29');
INSERT INTO waktu_berkunjung (id_pengunjung, waktu) VALUES('P00004', '2023-09-26 09:57:34');
INSERT INTO waktu_berkunjung (id_pengunjung, waktu) VALUES('P00096', '2023-09-26 12:04:16');
INSERT INTO waktu_berkunjung (id_pengunjung, waktu) VALUES('P00067', '2023-09-26 14:33:45');
INSERT INTO waktu_berkunjung (id_pengunjung, waktu) VALUES('P00061', '2023-09-26 18:49:24');
INSERT INTO waktu_berkunjung (id_pengunjung, waktu) VALUES('P00034', '2023-09-27 10:40:48');
INSERT INTO waktu_berkunjung (id_pengunjung, waktu) VALUES('P00034', '2023-09-27 11:52:37');
INSERT INTO waktu_berkunjung (id_pengunjung, waktu) VALUES('P00051', '2023-09-27 14:27:02');
INSERT INTO waktu_berkunjung (id_pengunjung, waktu) VALUES('P00036', '2023-09-28 14:18:43');
INSERT INTO waktu_berkunjung (id_pengunjung, waktu) VALUES('P00081', '2023-09-28 14:20:06');
INSERT INTO waktu_berkunjung (id_pengunjung, waktu) VALUES('P00088', '2023-09-28 16:56:33');
INSERT INTO waktu_berkunjung (id_pengunjung, waktu) VALUES('P00089', '2023-09-28 17:27:04');
INSERT INTO waktu_berkunjung (id_pengunjung, waktu) VALUES('P00054', '2023-09-29 08:27:53');
INSERT INTO waktu_berkunjung (id_pengunjung, waktu) VALUES('P00058', '2023-09-29 12:27:52');
INSERT INTO waktu_berkunjung (id_pengunjung, waktu) VALUES('P00089', '2023-09-29 13:07:23');
INSERT INTO waktu_berkunjung (id_pengunjung, waktu) VALUES('P00050', '2023-09-29 13:49:53');
INSERT INTO waktu_berkunjung (id_pengunjung, waktu) VALUES('P00083', '2023-09-29 18:15:37');
INSERT INTO waktu_berkunjung (id_pengunjung, waktu) VALUES('P00076', '2023-09-30 07:01:59');
INSERT INTO waktu_berkunjung (id_pengunjung, waktu) VALUES('P00014', '2023-09-30 07:24:25');
INSERT INTO waktu_berkunjung (id_pengunjung, waktu) VALUES('P00092', '2023-09-30 17:33:49');
INSERT INTO waktu_berkunjung (id_pengunjung, waktu) VALUES('P00022', '2023-10-01 09:53:47');
INSERT INTO waktu_berkunjung (id_pengunjung, waktu) VALUES('P00042', '2023-10-01 10:59:21');
INSERT INTO waktu_berkunjung (id_pengunjung, waktu) VALUES('P00010', '2023-10-01 12:52:33');
INSERT INTO waktu_berkunjung (id_pengunjung, waktu) VALUES('P00045', '2023-10-01 15:59:31');
INSERT INTO waktu_berkunjung (id_pengunjung, waktu) VALUES('P00009', '2023-10-01 18:06:54');
INSERT INTO waktu_berkunjung (id_pengunjung, waktu) VALUES('P00058', '2023-10-02 07:42:29');
INSERT INTO waktu_berkunjung (id_pengunjung, waktu) VALUES('P00045', '2023-10-02 07:59:54');
INSERT INTO waktu_berkunjung (id_pengunjung, waktu) VALUES('P00053', '2023-10-02 08:24:45');
INSERT INTO waktu_berkunjung (id_pengunjung, waktu) VALUES('P00048', '2023-10-02 09:25:39');
INSERT INTO waktu_berkunjung (id_pengunjung, waktu) VALUES('P00022', '2023-10-02 10:33:04');
INSERT INTO waktu_berkunjung (id_pengunjung, waktu) VALUES('P00065', '2023-10-02 10:38:28');
INSERT INTO waktu_berkunjung (id_pengunjung, waktu) VALUES('P00066', '2023-10-02 12:23:47');
INSERT INTO waktu_berkunjung (id_pengunjung, waktu) VALUES('P00048', '2023-10-02 13:34:20');
INSERT INTO waktu_berkunjung (id_pengunjung, waktu) VALUES('P00097', '2023-10-02 13:49:03');
INSERT INTO waktu_berkunjung (id_pengunjung, waktu) VALUES('P00048', '2023-10-02 14:44:37');
INSERT INTO waktu_berkunjung (id_pengunjung, waktu) VALUES('P00042', '2023-10-02 14:51:53');
INSERT INTO waktu_berkunjung (id_pengunjung, waktu) VALUES('P00017', '2023-10-02 14:53:47');
INSERT INTO waktu_berkunjung (id_pengunjung, waktu) VALUES('P00015', '2023-10-02 15:23:16');
INSERT INTO waktu_berkunjung (id_pengunjung, waktu) VALUES('P00098', '2023-10-02 18:34:23');
INSERT INTO waktu_berkunjung (id_pengunjung, waktu) VALUES('P00047', '2023-10-03 09:29:57');
INSERT INTO waktu_berkunjung (id_pengunjung, waktu) VALUES('P00095', '2023-10-03 11:32:43');
INSERT INTO waktu_berkunjung (id_pengunjung, waktu) VALUES('P00034', '2023-10-03 14:46:00');
INSERT INTO waktu_berkunjung (id_pengunjung, waktu) VALUES('P00079', '2023-10-03 14:54:45');
INSERT INTO waktu_berkunjung (id_pengunjung, waktu) VALUES('P00063', '2023-10-03 16:20:52');
INSERT INTO waktu_berkunjung (id_pengunjung, waktu) VALUES('P00011', '2023-10-03 16:46:40');
INSERT INTO waktu_berkunjung (id_pengunjung, waktu) VALUES('P00085', '2023-10-03 18:01:19');
INSERT INTO waktu_berkunjung (id_pengunjung, waktu) VALUES('P00065', '2023-10-04 10:14:45');
INSERT INTO waktu_berkunjung (id_pengunjung, waktu) VALUES('P00044', '2023-10-04 12:23:21');
INSERT INTO waktu_berkunjung (id_pengunjung, waktu) VALUES('P00046', '2023-10-04 13:02:58');
INSERT INTO waktu_berkunjung (id_pengunjung, waktu) VALUES('P00007', '2023-10-04 17:34:35');
INSERT INTO waktu_berkunjung (id_pengunjung, waktu) VALUES('P00099', '2023-10-04 17:57:02');
INSERT INTO waktu_berkunjung (id_pengunjung, waktu) VALUES('P00036', '2023-10-04 18:05:13');
INSERT INTO waktu_berkunjung (id_pengunjung, waktu) VALUES('P00029', '2023-10-05 09:28:27');
INSERT INTO waktu_berkunjung (id_pengunjung, waktu) VALUES('P00092', '2023-10-05 11:12:45');
INSERT INTO waktu_berkunjung (id_pengunjung, waktu) VALUES('P00014', '2023-10-05 11:33:41');
INSERT INTO waktu_berkunjung (id_pengunjung, waktu) VALUES('P00013', '2023-10-05 12:10:58');
INSERT INTO waktu_berkunjung (id_pengunjung, waktu) VALUES('P00025', '2023-10-05 15:44:51');
INSERT INTO waktu_berkunjung (id_pengunjung, waktu) VALUES('P00092', '2023-10-05 15:48:42');
INSERT INTO waktu_berkunjung (id_pengunjung, waktu) VALUES('P00039', '2023-10-05 16:58:56');
INSERT INTO waktu_berkunjung (id_pengunjung, waktu) VALUES('P00034', '2023-10-05 17:04:22');
INSERT INTO waktu_berkunjung (id_pengunjung, waktu) VALUES('P00044', '2023-10-06 11:44:57');
INSERT INTO waktu_berkunjung (id_pengunjung, waktu) VALUES('P00008', '2023-10-06 12:24:03');
INSERT INTO waktu_berkunjung (id_pengunjung, waktu) VALUES('P00048', '2023-10-06 12:30:07');
INSERT INTO waktu_berkunjung (id_pengunjung, waktu) VALUES('P00004', '2023-10-06 13:30:41');
INSERT INTO waktu_berkunjung (id_pengunjung, waktu) VALUES('P00093', '2023-10-06 15:56:00');
INSERT INTO waktu_berkunjung (id_pengunjung, waktu) VALUES('P00095', '2023-10-06 16:07:56');
INSERT INTO waktu_berkunjung (id_pengunjung, waktu) VALUES('P00088', '2023-10-06 17:27:33');
INSERT INTO waktu_berkunjung (id_pengunjung, waktu) VALUES('P00088', '2023-10-06 18:43:56');
INSERT INTO waktu_berkunjung (id_pengunjung, waktu) VALUES('P00031', '2023-10-07 14:25:52');
INSERT INTO waktu_berkunjung (id_pengunjung, waktu) VALUES('P00055', '2023-10-07 18:25:52');
INSERT INTO waktu_berkunjung (id_pengunjung, waktu) VALUES('P00018', '2023-10-08 14:28:47');
INSERT INTO waktu_berkunjung (id_pengunjung, waktu) VALUES('P00079', '2023-10-08 16:51:08');
INSERT INTO waktu_berkunjung (id_pengunjung, waktu) VALUES('P00016', '2023-10-08 18:06:28');
INSERT INTO waktu_berkunjung (id_pengunjung, waktu) VALUES('P00011', '2023-10-09 11:38:28');
INSERT INTO waktu_berkunjung (id_pengunjung, waktu) VALUES('P00026', '2023-10-09 12:46:56');
INSERT INTO waktu_berkunjung (id_pengunjung, waktu) VALUES('P00059', '2023-10-09 12:49:05');
INSERT INTO waktu_berkunjung (id_pengunjung, waktu) VALUES('P00042', '2023-10-09 15:13:48');
INSERT INTO waktu_berkunjung (id_pengunjung, waktu) VALUES('P00043', '2023-10-09 15:30:20');
INSERT INTO waktu_berkunjung (id_pengunjung, waktu) VALUES('P00043', '2023-10-09 16:47:09');
INSERT INTO waktu_berkunjung (id_pengunjung, waktu) VALUES('P00024', '2023-10-09 18:31:37');
INSERT INTO waktu_berkunjung (id_pengunjung, waktu) VALUES('P00008', '2023-10-10 14:03:33');
INSERT INTO waktu_berkunjung (id_pengunjung, waktu) VALUES('P00020', '2023-10-10 17:11:06');
INSERT INTO waktu_berkunjung (id_pengunjung, waktu) VALUES('P00088', '2023-10-10 18:04:38');
INSERT INTO waktu_berkunjung (id_pengunjung, waktu) VALUES('P00060', '2023-10-11 11:03:05');
INSERT INTO waktu_berkunjung (id_pengunjung, waktu) VALUES('P00100', '2023-10-11 11:51:37');
INSERT INTO waktu_berkunjung (id_pengunjung, waktu) VALUES('P00092', '2023-10-11 12:56:17');
INSERT INTO waktu_berkunjung (id_pengunjung, waktu) VALUES('P00005', '2023-10-11 15:00:30');
INSERT INTO waktu_berkunjung (id_pengunjung, waktu) VALUES('P00085', '2023-10-11 18:34:57');
INSERT INTO waktu_berkunjung (id_pengunjung, waktu) VALUES('P00027', '2023-10-11 18:57:27');
INSERT INTO waktu_berkunjung (id_pengunjung, waktu) VALUES('P00071', '2023-10-11 18:57:40');
INSERT INTO waktu_berkunjung (id_pengunjung, waktu) VALUES('P00012', '2023-10-12 07:58:09');
INSERT INTO waktu_berkunjung (id_pengunjung, waktu) VALUES('P00015', '2023-10-12 08:37:02');
INSERT INTO waktu_berkunjung (id_pengunjung, waktu) VALUES('P00047', '2023-10-12 08:59:16');
INSERT INTO waktu_berkunjung (id_pengunjung, waktu) VALUES('P00027', '2023-10-12 09:10:00');
INSERT INTO waktu_berkunjung (id_pengunjung, waktu) VALUES('P00029', '2023-10-12 10:17:29');
INSERT INTO waktu_berkunjung (id_pengunjung, waktu) VALUES('P00078', '2023-10-13 07:44:14');
INSERT INTO waktu_berkunjung (id_pengunjung, waktu) VALUES('P00018', '2023-10-13 09:20:41');
INSERT INTO waktu_berkunjung (id_pengunjung, waktu) VALUES('P00036', '2023-10-13 11:59:01');
INSERT INTO waktu_berkunjung (id_pengunjung, waktu) VALUES('P00086', '2023-10-13 12:00:29');
INSERT INTO waktu_berkunjung (id_pengunjung, waktu) VALUES('P00018', '2023-10-13 12:22:12');
INSERT INTO waktu_berkunjung (id_pengunjung, waktu) VALUES('P00092', '2023-10-14 07:12:56');
INSERT INTO waktu_berkunjung (id_pengunjung, waktu) VALUES('P00049', '2023-10-14 14:36:10');
INSERT INTO waktu_berkunjung (id_pengunjung, waktu) VALUES('P00077', '2023-10-14 14:39:12');
INSERT INTO waktu_berkunjung (id_pengunjung, waktu) VALUES('P00046', '2023-10-14 15:31:07');
INSERT INTO waktu_berkunjung (id_pengunjung, waktu) VALUES('P00032', '2023-10-14 18:51:05');
INSERT INTO waktu_berkunjung (id_pengunjung, waktu) VALUES('P00059', '2023-10-15 09:25:07');
INSERT INTO waktu_berkunjung (id_pengunjung, waktu) VALUES('P00035', '2023-10-15 14:09:14');
INSERT INTO waktu_berkunjung (id_pengunjung, waktu) VALUES('P00029', '2023-10-15 15:27:41');
INSERT INTO waktu_berkunjung (id_pengunjung, waktu) VALUES('P00010', '2023-10-15 16:03:39');
INSERT INTO waktu_berkunjung (id_pengunjung, waktu) VALUES('P00065', '2023-10-15 16:33:36');
INSERT INTO waktu_berkunjung (id_pengunjung, waktu) VALUES('P00083', '2023-10-16 08:19:37');
INSERT INTO waktu_berkunjung (id_pengunjung, waktu) VALUES('P00011', '2023-10-16 11:50:25');
INSERT INTO waktu_berkunjung (id_pengunjung, waktu) VALUES('P00043', '2023-10-16 16:47:41');
INSERT INTO waktu_berkunjung (id_pengunjung, waktu) VALUES('P00025', '2023-10-16 17:24:10');
INSERT INTO waktu_berkunjung (id_pengunjung, waktu) VALUES('P00090', '2023-10-17 10:40:28');
INSERT INTO waktu_berkunjung (id_pengunjung, waktu) VALUES('P00001', '2023-10-17 12:30:29');
INSERT INTO waktu_berkunjung (id_pengunjung, waktu) VALUES('P00009', '2023-10-17 13:48:46');
INSERT INTO waktu_berkunjung (id_pengunjung, waktu) VALUES('P00085', '2023-10-17 15:27:32');
INSERT INTO waktu_berkunjung (id_pengunjung, waktu) VALUES('P00018', '2023-10-17 15:46:23');
INSERT INTO waktu_berkunjung (id_pengunjung, waktu) VALUES('P00006', '2023-10-17 18:47:19');
INSERT INTO waktu_berkunjung (id_pengunjung, waktu) VALUES('P00063', '2023-10-18 09:13:37');
INSERT INTO waktu_berkunjung (id_pengunjung, waktu) VALUES('P00070', '2023-10-18 10:35:20');
INSERT INTO waktu_berkunjung (id_pengunjung, waktu) VALUES('P00083', '2023-10-18 10:39:42');
INSERT INTO waktu_berkunjung (id_pengunjung, waktu) VALUES('P00047', '2023-10-18 11:15:09');
INSERT INTO waktu_berkunjung (id_pengunjung, waktu) VALUES('P00074', '2023-10-19 07:02:19');
INSERT INTO waktu_berkunjung (id_pengunjung, waktu) VALUES('P00025', '2023-10-19 07:39:11');
INSERT INTO waktu_berkunjung (id_pengunjung, waktu) VALUES('P00070', '2023-10-19 07:51:57');
INSERT INTO waktu_berkunjung (id_pengunjung, waktu) VALUES('P00087', '2023-10-19 08:03:24');
INSERT INTO waktu_berkunjung (id_pengunjung, waktu) VALUES('P00007', '2023-10-19 08:05:51');
INSERT INTO waktu_berkunjung (id_pengunjung, waktu) VALUES('P00052', '2023-10-19 10:39:41');
INSERT INTO waktu_berkunjung (id_pengunjung, waktu) VALUES('P00044', '2023-10-19 13:04:05');
INSERT INTO waktu_berkunjung (id_pengunjung, waktu) VALUES('P00034', '2023-10-19 15:01:29');
INSERT INTO waktu_berkunjung (id_pengunjung, waktu) VALUES('P00062', '2023-10-19 15:40:07');
INSERT INTO waktu_berkunjung (id_pengunjung, waktu) VALUES('P00087', '2023-10-20 16:34:29');
INSERT INTO waktu_berkunjung (id_pengunjung, waktu) VALUES('P00002', '2023-10-21 11:59:03');
INSERT INTO waktu_berkunjung (id_pengunjung, waktu) VALUES('P00044', '2023-10-21 13:42:13');
INSERT INTO waktu_berkunjung (id_pengunjung, waktu) VALUES('P00035', '2023-10-21 16:04:58');
INSERT INTO waktu_berkunjung (id_pengunjung, waktu) VALUES('P00095', '2023-10-22 07:17:30');
INSERT INTO waktu_berkunjung (id_pengunjung, waktu) VALUES('P00017', '2023-10-22 09:35:51');
INSERT INTO waktu_berkunjung (id_pengunjung, waktu) VALUES('P00016', '2023-10-22 12:43:26');
INSERT INTO waktu_berkunjung (id_pengunjung, waktu) VALUES('P00008', '2023-10-22 15:30:10');
INSERT INTO waktu_berkunjung (id_pengunjung, waktu) VALUES('P00005', '2023-10-22 15:55:08');
INSERT INTO waktu_berkunjung (id_pengunjung, waktu) VALUES('P00069', '2023-10-23 07:55:56');
INSERT INTO waktu_berkunjung (id_pengunjung, waktu) VALUES('P00032', '2023-10-24 09:12:14');
INSERT INTO waktu_berkunjung (id_pengunjung, waktu) VALUES('P00080', '2023-10-24 11:56:46');
INSERT INTO waktu_berkunjung (id_pengunjung, waktu) VALUES('P00062', '2023-10-24 15:57:12');
INSERT INTO waktu_berkunjung (id_pengunjung, waktu) VALUES('P00089', '2023-10-24 18:40:46');
INSERT INTO waktu_berkunjung (id_pengunjung, waktu) VALUES('P00071', '2023-10-25 07:52:32');
INSERT INTO waktu_berkunjung (id_pengunjung, waktu) VALUES('P00052', '2023-10-25 13:56:58');
INSERT INTO waktu_berkunjung (id_pengunjung, waktu) VALUES('P00057', '2023-10-25 14:28:47');
INSERT INTO waktu_berkunjung (id_pengunjung, waktu) VALUES('P00028', '2023-10-25 15:14:16');
INSERT INTO waktu_berkunjung (id_pengunjung, waktu) VALUES('P00050', '2023-10-26 07:58:40');
INSERT INTO waktu_berkunjung (id_pengunjung, waktu) VALUES('P00085', '2023-10-26 09:29:51');
INSERT INTO waktu_berkunjung (id_pengunjung, waktu) VALUES('P00082', '2023-10-26 10:18:51');
INSERT INTO waktu_berkunjung (id_pengunjung, waktu) VALUES('P00081', '2023-10-26 11:36:36');
INSERT INTO waktu_berkunjung (id_pengunjung, waktu) VALUES('P00070', '2023-10-26 13:17:11');
INSERT INTO waktu_berkunjung (id_pengunjung, waktu) VALUES('P00081', '2023-10-26 14:15:29');
INSERT INTO waktu_berkunjung (id_pengunjung, waktu) VALUES('P00053', '2023-10-26 14:32:17');
INSERT INTO waktu_berkunjung (id_pengunjung, waktu) VALUES('P00052', '2023-10-27 13:22:17');
INSERT INTO waktu_berkunjung (id_pengunjung, waktu) VALUES('P00061', '2023-10-27 16:08:02');
INSERT INTO waktu_berkunjung (id_pengunjung, waktu) VALUES('P00021', '2023-10-27 18:04:05');
INSERT INTO waktu_berkunjung (id_pengunjung, waktu) VALUES('P00048', '2023-10-28 08:04:54');
INSERT INTO waktu_berkunjung (id_pengunjung, waktu) VALUES('P00021', '2023-10-28 08:09:42');
INSERT INTO waktu_berkunjung (id_pengunjung, waktu) VALUES('P00095', '2023-10-28 08:36:30');
INSERT INTO waktu_berkunjung (id_pengunjung, waktu) VALUES('P00069', '2023-10-28 10:22:48');
INSERT INTO waktu_berkunjung (id_pengunjung, waktu) VALUES('P00020', '2023-10-28 11:40:45');
INSERT INTO waktu_berkunjung (id_pengunjung, waktu) VALUES('P00036', '2023-10-28 15:42:38');
INSERT INTO waktu_berkunjung (id_pengunjung, waktu) VALUES('P00013', '2023-10-28 17:50:28');
INSERT INTO waktu_berkunjung (id_pengunjung, waktu) VALUES('P00090', '2023-10-28 18:15:11');
INSERT INTO waktu_berkunjung (id_pengunjung, waktu) VALUES('P00087', '2023-10-29 15:37:08');
INSERT INTO waktu_berkunjung (id_pengunjung, waktu) VALUES('P00081', '2023-10-30 08:43:03');
INSERT INTO waktu_berkunjung (id_pengunjung, waktu) VALUES('P00036', '2023-10-30 09:28:22');
INSERT INTO waktu_berkunjung (id_pengunjung, waktu) VALUES('P00070', '2023-10-30 10:46:15');
INSERT INTO waktu_berkunjung (id_pengunjung, waktu) VALUES('P00059', '2023-10-30 11:06:15');
INSERT INTO waktu_berkunjung (id_pengunjung, waktu) VALUES('P00094', '2023-10-30 13:03:38');
INSERT INTO waktu_berkunjung (id_pengunjung, waktu) VALUES('P00076', '2023-10-31 07:13:13');
INSERT INTO waktu_berkunjung (id_pengunjung, waktu) VALUES('P00065', '2023-10-31 10:50:33');
INSERT INTO waktu_berkunjung (id_pengunjung, waktu) VALUES('P00037', '2023-10-31 10:57:33');
INSERT INTO waktu_berkunjung (id_pengunjung, waktu) VALUES('P00073', '2023-10-31 13:11:40');
INSERT INTO waktu_berkunjung (id_pengunjung, waktu) VALUES('P00084', '2023-10-31 13:29:23');
INSERT INTO waktu_berkunjung (id_pengunjung, waktu) VALUES('P00005', '2023-10-31 13:30:12');
INSERT INTO waktu_berkunjung (id_pengunjung, waktu) VALUES('P00010', '2023-10-31 16:35:37');
INSERT INTO waktu_berkunjung (id_pengunjung, waktu) VALUES('P00082', '2023-10-31 17:07:29');
INSERT INTO waktu_berkunjung (id_pengunjung, waktu) VALUES('P00092', '2023-11-01 13:25:22');
INSERT INTO waktu_berkunjung (id_pengunjung, waktu) VALUES('P00004', '2023-11-01 13:38:15');
INSERT INTO waktu_berkunjung (id_pengunjung, waktu) VALUES('P00012', '2023-11-01 14:23:39');
INSERT INTO waktu_berkunjung (id_pengunjung, waktu) VALUES('P00079', '2023-11-02 07:00:47');
INSERT INTO waktu_berkunjung (id_pengunjung, waktu) VALUES('P00009', '2023-11-02 09:29:38');
INSERT INTO waktu_berkunjung (id_pengunjung, waktu) VALUES('P00037', '2023-11-02 12:17:41');
INSERT INTO waktu_berkunjung (id_pengunjung, waktu) VALUES('P00059', '2023-11-02 17:27:05');
INSERT INTO waktu_berkunjung (id_pengunjung, waktu) VALUES('P00014', '2023-11-02 18:12:19');
INSERT INTO waktu_berkunjung (id_pengunjung, waktu) VALUES('P00033', '2023-11-03 08:13:47');
INSERT INTO waktu_berkunjung (id_pengunjung, waktu) VALUES('P00041', '2023-11-03 12:57:22');
INSERT INTO waktu_berkunjung (id_pengunjung, waktu) VALUES('P00012', '2023-11-03 13:17:15');
INSERT INTO waktu_berkunjung (id_pengunjung, waktu) VALUES('P00074', '2023-11-04 17:01:33');
INSERT INTO waktu_berkunjung (id_pengunjung, waktu) VALUES('P00033', '2023-11-05 08:23:44');
INSERT INTO waktu_berkunjung (id_pengunjung, waktu) VALUES('P00017', '2023-11-05 09:16:49');
INSERT INTO waktu_berkunjung (id_pengunjung, waktu) VALUES('P00018', '2023-11-05 10:40:48');
INSERT INTO waktu_berkunjung (id_pengunjung, waktu) VALUES('P00087', '2023-11-05 11:17:27');
INSERT INTO waktu_berkunjung (id_pengunjung, waktu) VALUES('P00061', '2023-11-05 12:34:45');
INSERT INTO waktu_berkunjung (id_pengunjung, waktu) VALUES('P00052', '2023-11-05 13:55:40');
INSERT INTO waktu_berkunjung (id_pengunjung, waktu) VALUES('P00027', '2023-11-05 16:19:27');
INSERT INTO waktu_berkunjung (id_pengunjung, waktu) VALUES('P00086', '2023-11-06 07:54:19');
INSERT INTO waktu_berkunjung (id_pengunjung, waktu) VALUES('P00022', '2023-11-06 10:47:51');
INSERT INTO waktu_berkunjung (id_pengunjung, waktu) VALUES('P00012', '2023-11-06 10:52:05');
INSERT INTO waktu_berkunjung (id_pengunjung, waktu) VALUES('P00080', '2023-11-06 12:07:05');
INSERT INTO waktu_berkunjung (id_pengunjung, waktu) VALUES('P00083', '2023-11-06 15:16:07');
INSERT INTO waktu_berkunjung (id_pengunjung, waktu) VALUES('P00026', '2023-11-06 15:53:23');
INSERT INTO waktu_berkunjung (id_pengunjung, waktu) VALUES('P00035', '2023-11-06 16:48:40');
INSERT INTO waktu_berkunjung (id_pengunjung, waktu) VALUES('P00003', '2023-11-06 17:01:58');
INSERT INTO waktu_berkunjung (id_pengunjung, waktu) VALUES('P00056', '2023-11-06 17:35:02');
INSERT INTO waktu_berkunjung (id_pengunjung, waktu) VALUES('P00011', '2023-11-07 09:08:51');
INSERT INTO waktu_berkunjung (id_pengunjung, waktu) VALUES('P00010', '2023-11-07 12:07:31');
INSERT INTO waktu_berkunjung (id_pengunjung, waktu) VALUES('P00049', '2023-11-07 12:14:48');
INSERT INTO waktu_berkunjung (id_pengunjung, waktu) VALUES('P00062', '2023-11-08 07:57:12');
INSERT INTO waktu_berkunjung (id_pengunjung, waktu) VALUES('P00086', '2023-11-08 08:40:24');
INSERT INTO waktu_berkunjung (id_pengunjung, waktu) VALUES('P00052', '2023-11-08 18:26:57');
INSERT INTO waktu_berkunjung (id_pengunjung, waktu) VALUES('P00037', '2023-11-09 10:30:14');
INSERT INTO waktu_berkunjung (id_pengunjung, waktu) VALUES('P00086', '2023-11-09 15:41:01');
INSERT INTO waktu_berkunjung (id_pengunjung, waktu) VALUES('P00008', '2023-11-09 16:09:56');
INSERT INTO waktu_berkunjung (id_pengunjung, waktu) VALUES('P00040', '2023-11-09 16:53:25');
INSERT INTO waktu_berkunjung (id_pengunjung, waktu) VALUES('P00078', '2023-11-10 09:16:42');
INSERT INTO waktu_berkunjung (id_pengunjung, waktu) VALUES('P00023', '2023-11-10 14:41:28');
INSERT INTO waktu_berkunjung (id_pengunjung, waktu) VALUES('P00015', '2023-11-10 14:52:03');
INSERT INTO waktu_berkunjung (id_pengunjung, waktu) VALUES('P00076', '2023-11-10 16:02:32');
INSERT INTO waktu_berkunjung (id_pengunjung, waktu) VALUES('P00082', '2023-11-10 16:35:48');
INSERT INTO waktu_berkunjung (id_pengunjung, waktu) VALUES('P00034', '2023-11-11 08:04:28');
INSERT INTO waktu_berkunjung (id_pengunjung, waktu) VALUES('P00077', '2023-11-11 10:32:13');
INSERT INTO waktu_berkunjung (id_pengunjung, waktu) VALUES('P00020', '2023-11-11 13:41:40');
INSERT INTO waktu_berkunjung (id_pengunjung, waktu) VALUES('P00009', '2023-11-11 17:43:33');
INSERT INTO waktu_berkunjung (id_pengunjung, waktu) VALUES('P00069', '2023-11-12 15:03:22');
INSERT INTO waktu_berkunjung (id_pengunjung, waktu) VALUES('P00032', '2023-11-13 09:51:20');
INSERT INTO waktu_berkunjung (id_pengunjung, waktu) VALUES('P00098', '2023-11-13 13:32:51');
INSERT INTO waktu_berkunjung (id_pengunjung, waktu) VALUES('P00019', '2023-11-13 16:48:14');
INSERT INTO waktu_berkunjung (id_pengunjung, waktu) VALUES('P00060', '2023-11-13 17:51:28');
INSERT INTO waktu_berkunjung (id_pengunjung, waktu) VALUES('P00053', '2023-11-14 07:46:22');
INSERT INTO waktu_berkunjung (id_pengunjung, waktu) VALUES('P00056', '2023-11-14 08:16:10');
INSERT INTO waktu_berkunjung (id_pengunjung, waktu) VALUES('P00069', '2023-11-14 10:59:17');
INSERT INTO waktu_berkunjung (id_pengunjung, waktu) VALUES('P00031', '2023-11-15 11:23:22');
INSERT INTO waktu_berkunjung (id_pengunjung, waktu) VALUES('P00100', '2023-11-15 11:34:19');
INSERT INTO waktu_berkunjung (id_pengunjung, waktu) VALUES('P00017', '2023-11-15 14:58:40');
INSERT INTO waktu_berkunjung (id_pengunjung, waktu) VALUES('P00027', '2023-11-15 15:44:11');
INSERT INTO waktu_berkunjung (id_pengunjung, waktu) VALUES('P00003', '2023-11-15 16:21:15');
INSERT INTO waktu_berkunjung (id_pengunjung, waktu) VALUES('P00035', '2023-11-15 17:49:30');
INSERT INTO waktu_berkunjung (id_pengunjung, waktu) VALUES('P00080', '2023-11-16 07:25:19');
INSERT INTO waktu_berkunjung (id_pengunjung, waktu) VALUES('P00018', '2023-11-16 09:03:05');
INSERT INTO waktu_berkunjung (id_pengunjung, waktu) VALUES('P00017', '2023-11-16 09:30:46');
INSERT INTO waktu_berkunjung (id_pengunjung, waktu) VALUES('P00053', '2023-11-16 10:19:31');
INSERT INTO waktu_berkunjung (id_pengunjung, waktu) VALUES('P00007', '2023-11-16 12:49:24');
INSERT INTO waktu_berkunjung (id_pengunjung, waktu) VALUES('P00022', '2023-11-16 14:49:46');
INSERT INTO waktu_berkunjung (id_pengunjung, waktu) VALUES('P00084', '2023-11-16 16:06:41');
INSERT INTO waktu_berkunjung (id_pengunjung, waktu) VALUES('P00074', '2023-11-16 16:09:30');
INSERT INTO waktu_berkunjung (id_pengunjung, waktu) VALUES('P00096', '2023-11-17 13:33:35');
INSERT INTO waktu_berkunjung (id_pengunjung, waktu) VALUES('P00005', '2023-11-17 17:39:04');
INSERT INTO waktu_berkunjung (id_pengunjung, waktu) VALUES('P00046', '2023-11-18 07:05:13');
INSERT INTO waktu_berkunjung (id_pengunjung, waktu) VALUES('P00001', '2023-11-18 17:34:32');
INSERT INTO waktu_berkunjung (id_pengunjung, waktu) VALUES('P00053', '2023-11-19 07:12:31');
INSERT INTO waktu_berkunjung (id_pengunjung, waktu) VALUES('P00082', '2023-11-19 07:32:49');
INSERT INTO waktu_berkunjung (id_pengunjung, waktu) VALUES('P00034', '2023-11-19 15:18:38');
INSERT INTO waktu_berkunjung (id_pengunjung, waktu) VALUES('P00039', '2023-11-19 15:42:16');
INSERT INTO waktu_berkunjung (id_pengunjung, waktu) VALUES('P00033', '2023-11-19 15:52:54');
INSERT INTO waktu_berkunjung (id_pengunjung, waktu) VALUES('P00022', '2023-11-19 17:23:16');
INSERT INTO waktu_berkunjung (id_pengunjung, waktu) VALUES('P00043', '2023-11-20 07:14:46');
INSERT INTO waktu_berkunjung (id_pengunjung, waktu) VALUES('P00073', '2023-11-20 09:06:41');
INSERT INTO waktu_berkunjung (id_pengunjung, waktu) VALUES('P00024', '2023-11-20 09:09:00');
INSERT INTO waktu_berkunjung (id_pengunjung, waktu) VALUES('P00100', '2023-11-20 09:50:21');
INSERT INTO waktu_berkunjung (id_pengunjung, waktu) VALUES('P00019', '2023-11-20 11:17:38');
INSERT INTO waktu_berkunjung (id_pengunjung, waktu) VALUES('P00029', '2023-11-20 17:00:11');
INSERT INTO waktu_berkunjung (id_pengunjung, waktu) VALUES('P00065', '2023-11-21 07:48:57');
INSERT INTO waktu_berkunjung (id_pengunjung, waktu) VALUES('P00054', '2023-11-21 08:47:27');
INSERT INTO waktu_berkunjung (id_pengunjung, waktu) VALUES('P00003', '2023-11-21 10:30:39');
INSERT INTO waktu_berkunjung (id_pengunjung, waktu) VALUES('P00037', '2023-11-21 17:57:11');
INSERT INTO waktu_berkunjung (id_pengunjung, waktu) VALUES('P00066', '2023-11-21 18:17:57');
INSERT INTO waktu_berkunjung (id_pengunjung, waktu) VALUES('P00055', '2023-11-22 08:10:28');
INSERT INTO waktu_berkunjung (id_pengunjung, waktu) VALUES('P00021', '2023-11-22 10:53:33');
INSERT INTO waktu_berkunjung (id_pengunjung, waktu) VALUES('P00059', '2023-11-22 12:45:20');
INSERT INTO waktu_berkunjung (id_pengunjung, waktu) VALUES('P00049', '2023-11-22 13:06:40');
INSERT INTO waktu_berkunjung (id_pengunjung, waktu) VALUES('P00064', '2023-11-22 14:18:34');
INSERT INTO waktu_berkunjung (id_pengunjung, waktu) VALUES('P00052', '2023-11-22 14:22:40');
INSERT INTO waktu_berkunjung (id_pengunjung, waktu) VALUES('P00021', '2023-11-22 14:46:04');
INSERT INTO waktu_berkunjung (id_pengunjung, waktu) VALUES('P00063', '2023-11-22 15:32:06');
INSERT INTO waktu_berkunjung (id_pengunjung, waktu) VALUES('P00065', '2023-11-22 17:54:03');
INSERT INTO waktu_berkunjung (id_pengunjung, waktu) VALUES('P00098', '2023-11-22 17:56:53');
INSERT INTO waktu_berkunjung (id_pengunjung, waktu) VALUES('P00085', '2023-11-23 08:23:22');
INSERT INTO waktu_berkunjung (id_pengunjung, waktu) VALUES('P00010', '2023-11-23 10:34:36');
INSERT INTO waktu_berkunjung (id_pengunjung, waktu) VALUES('P00056', '2023-11-23 11:15:10');
INSERT INTO waktu_berkunjung (id_pengunjung, waktu) VALUES('P00097', '2023-11-23 11:23:25');
INSERT INTO waktu_berkunjung (id_pengunjung, waktu) VALUES('P00057', '2023-11-23 16:30:18');
INSERT INTO waktu_berkunjung (id_pengunjung, waktu) VALUES('P00053', '2023-11-23 18:14:12');
INSERT INTO waktu_berkunjung (id_pengunjung, waktu) VALUES('P00055', '2023-11-24 07:08:05');
INSERT INTO waktu_berkunjung (id_pengunjung, waktu) VALUES('P00018', '2023-11-24 07:47:11');
INSERT INTO waktu_berkunjung (id_pengunjung, waktu) VALUES('P00006', '2023-11-24 10:24:33');
INSERT INTO waktu_berkunjung (id_pengunjung, waktu) VALUES('P00031', '2023-11-24 11:09:13');
INSERT INTO waktu_berkunjung (id_pengunjung, waktu) VALUES('P00022', '2023-11-24 13:28:55');
INSERT INTO waktu_berkunjung (id_pengunjung, waktu) VALUES('P00098', '2023-11-25 08:06:14');
INSERT INTO waktu_berkunjung (id_pengunjung, waktu) VALUES('P00024', '2023-11-25 08:47:21');
INSERT INTO waktu_berkunjung (id_pengunjung, waktu) VALUES('P00034', '2023-11-25 09:28:57');
INSERT INTO waktu_berkunjung (id_pengunjung, waktu) VALUES('P00051', '2023-11-25 09:36:43');
INSERT INTO waktu_berkunjung (id_pengunjung, waktu) VALUES('P00018', '2023-11-25 11:37:34');
INSERT INTO waktu_berkunjung (id_pengunjung, waktu) VALUES('P00009', '2023-11-25 12:20:44');
INSERT INTO waktu_berkunjung (id_pengunjung, waktu) VALUES('P00017', '2023-11-25 13:24:39');
INSERT INTO waktu_berkunjung (id_pengunjung, waktu) VALUES('P00099', '2023-11-25 13:26:55');
INSERT INTO waktu_berkunjung (id_pengunjung, waktu) VALUES('P00079', '2023-11-25 13:40:41');
INSERT INTO waktu_berkunjung (id_pengunjung, waktu) VALUES('P00055', '2023-11-25 14:07:10');
INSERT INTO waktu_berkunjung (id_pengunjung, waktu) VALUES('P00001', '2023-11-26 07:38:46');
INSERT INTO waktu_berkunjung (id_pengunjung, waktu) VALUES('P00035', '2023-11-26 08:59:45');
INSERT INTO waktu_berkunjung (id_pengunjung, waktu) VALUES('P00038', '2023-11-26 10:17:09');
INSERT INTO waktu_berkunjung (id_pengunjung, waktu) VALUES('P00040', '2023-11-26 12:40:29');
INSERT INTO waktu_berkunjung (id_pengunjung, waktu) VALUES('P00043', '2023-11-26 15:15:00');
INSERT INTO waktu_berkunjung (id_pengunjung, waktu) VALUES('P00067', '2023-11-26 17:12:40');
INSERT INTO waktu_berkunjung (id_pengunjung, waktu) VALUES('P00034', '2023-11-26 17:52:06');
INSERT INTO waktu_berkunjung (id_pengunjung, waktu) VALUES('P00060', '2023-11-26 18:14:06');
INSERT INTO waktu_berkunjung (id_pengunjung, waktu) VALUES('P00009', '2023-11-27 10:42:58');
INSERT INTO waktu_berkunjung (id_pengunjung, waktu) VALUES('P00085', '2023-11-27 14:50:56');
INSERT INTO waktu_berkunjung (id_pengunjung, waktu) VALUES('P00023', '2023-11-28 07:50:52');
INSERT INTO waktu_berkunjung (id_pengunjung, waktu) VALUES('P00001', '2023-11-28 08:07:30');
INSERT INTO waktu_berkunjung (id_pengunjung, waktu) VALUES('P00100', '2023-11-28 10:04:17');
INSERT INTO waktu_berkunjung (id_pengunjung, waktu) VALUES('P00081', '2023-11-28 10:31:43');
INSERT INTO waktu_berkunjung (id_pengunjung, waktu) VALUES('P00050', '2023-11-28 10:55:52');
INSERT INTO waktu_berkunjung (id_pengunjung, waktu) VALUES('P00025', '2023-11-28 11:09:37');
INSERT INTO waktu_berkunjung (id_pengunjung, waktu) VALUES('P00033', '2023-11-28 12:25:38');
INSERT INTO waktu_berkunjung (id_pengunjung, waktu) VALUES('P00031', '2023-11-28 16:38:12');
INSERT INTO waktu_berkunjung (id_pengunjung, waktu) VALUES('P00098', '2023-11-28 16:48:33');
INSERT INTO waktu_berkunjung (id_pengunjung, waktu) VALUES('P00027', '2023-11-28 18:12:44');
INSERT INTO waktu_berkunjung (id_pengunjung, waktu) VALUES('P00016', '2023-11-29 09:04:52');
INSERT INTO waktu_berkunjung (id_pengunjung, waktu) VALUES('P00082', '2023-11-29 15:20:47');
INSERT INTO waktu_berkunjung (id_pengunjung, waktu) VALUES('P00050', '2023-11-29 17:51:06');
INSERT INTO waktu_berkunjung (id_pengunjung, waktu) VALUES('P00015', '2023-11-30 10:20:38');
INSERT INTO waktu_berkunjung (id_pengunjung, waktu) VALUES('P00083', '2023-11-30 12:17:51');
INSERT INTO waktu_berkunjung (id_pengunjung, waktu) VALUES('P00083', '2023-11-30 14:43:22');
INSERT INTO waktu_berkunjung (id_pengunjung, waktu) VALUES('P00066', '2023-11-30 17:54:19');
INSERT INTO waktu_berkunjung (id_pengunjung, waktu) VALUES('P00002', '2023-12-01 07:19:07');
INSERT INTO waktu_berkunjung (id_pengunjung, waktu) VALUES('P00009', '2023-12-01 08:58:44');
INSERT INTO waktu_berkunjung (id_pengunjung, waktu) VALUES('P00033', '2023-12-01 10:42:53');
INSERT INTO waktu_berkunjung (id_pengunjung, waktu) VALUES('P00074', '2023-12-01 13:19:32');
INSERT INTO waktu_berkunjung (id_pengunjung, waktu) VALUES('P00056', '2023-12-01 17:15:50');
INSERT INTO waktu_berkunjung (id_pengunjung, waktu) VALUES('P00100', '2023-12-02 08:01:22');
INSERT INTO waktu_berkunjung (id_pengunjung, waktu) VALUES('P00077', '2023-12-02 08:25:30');
INSERT INTO waktu_berkunjung (id_pengunjung, waktu) VALUES('P00014', '2023-12-02 09:07:13');
INSERT INTO waktu_berkunjung (id_pengunjung, waktu) VALUES('P00045', '2023-12-02 10:36:00');
INSERT INTO waktu_berkunjung (id_pengunjung, waktu) VALUES('P00018', '2023-12-02 11:07:35');
INSERT INTO waktu_berkunjung (id_pengunjung, waktu) VALUES('P00071', '2023-12-02 11:19:41');
INSERT INTO waktu_berkunjung (id_pengunjung, waktu) VALUES('P00050', '2023-12-02 13:10:41');
INSERT INTO waktu_berkunjung (id_pengunjung, waktu) VALUES('P00037', '2023-12-02 15:15:21');
INSERT INTO waktu_berkunjung (id_pengunjung, waktu) VALUES('P00056', '2023-12-02 15:49:16');
INSERT INTO waktu_berkunjung (id_pengunjung, waktu) VALUES('P00099', '2023-12-02 16:06:25');
INSERT INTO waktu_berkunjung (id_pengunjung, waktu) VALUES('P00008', '2023-12-02 17:40:25');
INSERT INTO waktu_berkunjung (id_pengunjung, waktu) VALUES('P00091', '2023-12-03 07:14:33');
INSERT INTO waktu_berkunjung (id_pengunjung, waktu) VALUES('P00071', '2023-12-03 13:05:19');
INSERT INTO waktu_berkunjung (id_pengunjung, waktu) VALUES('P00036', '2023-12-03 13:30:07');
INSERT INTO waktu_berkunjung (id_pengunjung, waktu) VALUES('P00063', '2023-12-04 07:24:51');
INSERT INTO waktu_berkunjung (id_pengunjung, waktu) VALUES('P00085', '2023-12-04 07:35:28');
INSERT INTO waktu_berkunjung (id_pengunjung, waktu) VALUES('P00044', '2023-12-04 08:37:48');
INSERT INTO waktu_berkunjung (id_pengunjung, waktu) VALUES('P00087', '2023-12-04 10:12:51');
INSERT INTO waktu_berkunjung (id_pengunjung, waktu) VALUES('P00005', '2023-12-04 12:05:34');
INSERT INTO waktu_berkunjung (id_pengunjung, waktu) VALUES('P00078', '2023-12-04 12:26:59');
INSERT INTO waktu_berkunjung (id_pengunjung, waktu) VALUES('P00068', '2023-12-05 07:21:31');
INSERT INTO waktu_berkunjung (id_pengunjung, waktu) VALUES('P00004', '2023-12-05 08:06:52');
INSERT INTO waktu_berkunjung (id_pengunjung, waktu) VALUES('P00058', '2023-12-05 08:08:32');
INSERT INTO waktu_berkunjung (id_pengunjung, waktu) VALUES('P00010', '2023-12-05 09:30:08');
INSERT INTO waktu_berkunjung (id_pengunjung, waktu) VALUES('P00006', '2023-12-05 15:38:55');
INSERT INTO waktu_berkunjung (id_pengunjung, waktu) VALUES('P00061', '2023-12-05 18:04:56');
INSERT INTO waktu_berkunjung (id_pengunjung, waktu) VALUES('P00088', '2023-12-06 13:04:21');
INSERT INTO waktu_berkunjung (id_pengunjung, waktu) VALUES('P00098', '2023-12-06 14:09:05');
INSERT INTO waktu_berkunjung (id_pengunjung, waktu) VALUES('P00052', '2023-12-06 15:39:49');
INSERT INTO waktu_berkunjung (id_pengunjung, waktu) VALUES('P00001', '2023-12-06 17:36:45');
INSERT INTO waktu_berkunjung (id_pengunjung, waktu) VALUES('P00045', '2023-12-06 18:52:48');
INSERT INTO waktu_berkunjung (id_pengunjung, waktu) VALUES('P00038', '2023-12-07 08:55:37');
INSERT INTO waktu_berkunjung (id_pengunjung, waktu) VALUES('P00003', '2023-12-07 13:02:27');
INSERT INTO waktu_berkunjung (id_pengunjung, waktu) VALUES('P00024', '2023-12-08 09:53:16');
INSERT INTO waktu_berkunjung (id_pengunjung, waktu) VALUES('P00080', '2023-12-08 12:35:35');
INSERT INTO waktu_berkunjung (id_pengunjung, waktu) VALUES('P00052', '2023-12-08 12:47:37');
INSERT INTO waktu_berkunjung (id_pengunjung, waktu) VALUES('P00086', '2023-12-08 16:43:04');
INSERT INTO waktu_berkunjung (id_pengunjung, waktu) VALUES('P00030', '2023-12-08 18:08:36');
INSERT INTO waktu_berkunjung (id_pengunjung, waktu) VALUES('P00091', '2023-12-09 10:56:04');
INSERT INTO waktu_berkunjung (id_pengunjung, waktu) VALUES('P00062', '2023-12-09 11:11:39');
INSERT INTO waktu_berkunjung (id_pengunjung, waktu) VALUES('P00071', '2023-12-09 13:33:22');
INSERT INTO waktu_berkunjung (id_pengunjung, waktu) VALUES('P00054', '2023-12-09 14:13:12');
INSERT INTO waktu_berkunjung (id_pengunjung, waktu) VALUES('P00011', '2023-12-09 14:53:58');
INSERT INTO waktu_berkunjung (id_pengunjung, waktu) VALUES('P00078', '2023-12-10 08:55:52');
INSERT INTO waktu_berkunjung (id_pengunjung, waktu) VALUES('P00087', '2023-12-10 11:03:32');
INSERT INTO waktu_berkunjung (id_pengunjung, waktu) VALUES('P00088', '2023-12-10 13:21:07');
INSERT INTO waktu_berkunjung (id_pengunjung, waktu) VALUES('P00100', '2023-12-10 14:05:57');
INSERT INTO waktu_berkunjung (id_pengunjung, waktu) VALUES('P00054', '2023-12-10 14:35:54');
INSERT INTO waktu_berkunjung (id_pengunjung, waktu) VALUES('P00003', '2023-12-10 17:08:26');
INSERT INTO waktu_berkunjung (id_pengunjung, waktu) VALUES('P00022', '2023-12-10 18:53:51');
INSERT INTO waktu_berkunjung (id_pengunjung, waktu) VALUES('P00016', '2023-12-11 10:21:22');
INSERT INTO waktu_berkunjung (id_pengunjung, waktu) VALUES('P00075', '2023-12-11 10:39:07');
INSERT INTO waktu_berkunjung (id_pengunjung, waktu) VALUES('P00033', '2023-12-11 11:23:43');
INSERT INTO waktu_berkunjung (id_pengunjung, waktu) VALUES('P00078', '2023-12-11 16:02:44');
INSERT INTO waktu_berkunjung (id_pengunjung, waktu) VALUES('P00010', '2023-12-12 10:03:49');
INSERT INTO waktu_berkunjung (id_pengunjung, waktu) VALUES('P00056', '2023-12-12 10:13:29');
INSERT INTO waktu_berkunjung (id_pengunjung, waktu) VALUES('P00085', '2023-12-12 11:10:40');
INSERT INTO waktu_berkunjung (id_pengunjung, waktu) VALUES('P00001', '2023-12-12 11:10:44');
INSERT INTO waktu_berkunjung (id_pengunjung, waktu) VALUES('P00100', '2023-12-12 15:44:41');
INSERT INTO waktu_berkunjung (id_pengunjung, waktu) VALUES('P00049', '2023-12-12 15:47:03');
INSERT INTO waktu_berkunjung (id_pengunjung, waktu) VALUES('P00076', '2023-12-12 17:49:05');
INSERT INTO waktu_berkunjung (id_pengunjung, waktu) VALUES('P00055', '2023-12-13 09:13:01');
INSERT INTO waktu_berkunjung (id_pengunjung, waktu) VALUES('P00002', '2023-12-13 10:11:51');
INSERT INTO waktu_berkunjung (id_pengunjung, waktu) VALUES('P00030', '2023-12-13 11:30:23');
INSERT INTO waktu_berkunjung (id_pengunjung, waktu) VALUES('P00042', '2023-12-13 14:46:48');
INSERT INTO waktu_berkunjung (id_pengunjung, waktu) VALUES('P00023', '2023-12-13 15:11:45');
INSERT INTO waktu_berkunjung (id_pengunjung, waktu) VALUES('P00014', '2023-12-13 16:59:30');
INSERT INTO waktu_berkunjung (id_pengunjung, waktu) VALUES('P00002', '2023-12-14 09:39:02');
INSERT INTO waktu_berkunjung (id_pengunjung, waktu) VALUES('P00014', '2023-12-14 09:46:32');
INSERT INTO waktu_berkunjung (id_pengunjung, waktu) VALUES('P00036', '2023-12-14 10:59:32');
INSERT INTO waktu_berkunjung (id_pengunjung, waktu) VALUES('P00002', '2023-12-14 16:58:20');
INSERT INTO waktu_berkunjung (id_pengunjung, waktu) VALUES('P00040', '2023-12-15 08:20:46');
INSERT INTO waktu_berkunjung (id_pengunjung, waktu) VALUES('P00055', '2023-12-15 10:08:20');
INSERT INTO waktu_berkunjung (id_pengunjung, waktu) VALUES('P00050', '2023-12-15 10:30:47');
INSERT INTO waktu_berkunjung (id_pengunjung, waktu) VALUES('P00094', '2023-12-15 16:31:19');
INSERT INTO waktu_berkunjung (id_pengunjung, waktu) VALUES('P00083', '2023-12-15 16:43:29');
INSERT INTO waktu_berkunjung (id_pengunjung, waktu) VALUES('P00023', '2023-12-15 17:42:44');
INSERT INTO waktu_berkunjung (id_pengunjung, waktu) VALUES('P00045', '2023-12-15 17:52:49');
INSERT INTO waktu_berkunjung (id_pengunjung, waktu) VALUES('P00100', '2023-12-15 17:54:36');
INSERT INTO waktu_berkunjung (id_pengunjung, waktu) VALUES('P00064', '2023-12-16 08:25:07');
INSERT INTO waktu_berkunjung (id_pengunjung, waktu) VALUES('P00073', '2023-12-16 12:22:57');
INSERT INTO waktu_berkunjung (id_pengunjung, waktu) VALUES('P00045', '2023-12-16 17:18:28');
INSERT INTO waktu_berkunjung (id_pengunjung, waktu) VALUES('P00062', '2023-12-16 18:15:30');
INSERT INTO waktu_berkunjung (id_pengunjung, waktu) VALUES('P00088', '2023-12-17 07:21:02');
INSERT INTO waktu_berkunjung (id_pengunjung, waktu) VALUES('P00084', '2023-12-17 11:58:15');
INSERT INTO waktu_berkunjung (id_pengunjung, waktu) VALUES('P00029', '2023-12-17 15:04:26');
INSERT INTO waktu_berkunjung (id_pengunjung, waktu) VALUES('P00049', '2023-12-17 15:10:37');
INSERT INTO waktu_berkunjung (id_pengunjung, waktu) VALUES('P00095', '2023-12-17 15:47:15');
INSERT INTO waktu_berkunjung (id_pengunjung, waktu) VALUES('P00095', '2023-12-17 15:58:13');
INSERT INTO waktu_berkunjung (id_pengunjung, waktu) VALUES('P00075', '2023-12-17 15:58:42');
INSERT INTO waktu_berkunjung (id_pengunjung, waktu) VALUES('P00098', '2023-12-18 11:51:30');
INSERT INTO waktu_berkunjung (id_pengunjung, waktu) VALUES('P00096', '2023-12-18 12:26:21');
INSERT INTO waktu_berkunjung (id_pengunjung, waktu) VALUES('P00084', '2023-12-18 15:55:09');
INSERT INTO waktu_berkunjung (id_pengunjung, waktu) VALUES('P00089', '2023-12-18 17:34:16');
INSERT INTO waktu_berkunjung (id_pengunjung, waktu) VALUES('P00007', '2023-12-19 11:14:16');
INSERT INTO waktu_berkunjung (id_pengunjung, waktu) VALUES('P00076', '2023-12-19 13:25:34');
INSERT INTO waktu_berkunjung (id_pengunjung, waktu) VALUES('P00058', '2023-12-19 14:18:14');
INSERT INTO waktu_berkunjung (id_pengunjung, waktu) VALUES('P00075', '2023-12-19 16:15:33');
INSERT INTO waktu_berkunjung (id_pengunjung, waktu) VALUES('P00012', '2023-12-19 16:47:43');
INSERT INTO waktu_berkunjung (id_pengunjung, waktu) VALUES('P00016', '2023-12-19 17:51:43');
INSERT INTO waktu_berkunjung (id_pengunjung, waktu) VALUES('P00071', '2023-12-20 07:14:50');
INSERT INTO waktu_berkunjung (id_pengunjung, waktu) VALUES('P00061', '2023-12-20 08:08:36');
INSERT INTO waktu_berkunjung (id_pengunjung, waktu) VALUES('P00053', '2023-12-20 09:26:54');
INSERT INTO waktu_berkunjung (id_pengunjung, waktu) VALUES('P00056', '2023-12-20 12:31:02');
INSERT INTO waktu_berkunjung (id_pengunjung, waktu) VALUES('P00023', '2023-12-21 07:40:34');
INSERT INTO waktu_berkunjung (id_pengunjung, waktu) VALUES('P00047', '2023-12-21 09:48:39');
INSERT INTO waktu_berkunjung (id_pengunjung, waktu) VALUES('P00044', '2023-12-21 11:55:09');
INSERT INTO waktu_berkunjung (id_pengunjung, waktu) VALUES('P00072', '2023-12-21 14:13:20');
INSERT INTO waktu_berkunjung (id_pengunjung, waktu) VALUES('P00064', '2023-12-21 14:47:09');
INSERT INTO waktu_berkunjung (id_pengunjung, waktu) VALUES('P00015', '2023-12-21 18:19:02');
INSERT INTO waktu_berkunjung (id_pengunjung, waktu) VALUES('P00053', '2023-12-21 18:43:25');
INSERT INTO waktu_berkunjung (id_pengunjung, waktu) VALUES('P00079', '2023-12-22 08:38:35');
INSERT INTO waktu_berkunjung (id_pengunjung, waktu) VALUES('P00009', '2023-12-22 14:39:56');
INSERT INTO waktu_berkunjung (id_pengunjung, waktu) VALUES('P00004', '2023-12-22 18:06:52');
INSERT INTO waktu_berkunjung (id_pengunjung, waktu) VALUES('P00067', '2023-12-22 18:44:23');
INSERT INTO waktu_berkunjung (id_pengunjung, waktu) VALUES('P00026', '2023-12-23 09:11:24');
INSERT INTO waktu_berkunjung (id_pengunjung, waktu) VALUES('P00097', '2023-12-23 09:28:11');
INSERT INTO waktu_berkunjung (id_pengunjung, waktu) VALUES('P00082', '2023-12-23 10:08:15');
INSERT INTO waktu_berkunjung (id_pengunjung, waktu) VALUES('P00024', '2023-12-23 10:56:33');
INSERT INTO waktu_berkunjung (id_pengunjung, waktu) VALUES('P00022', '2023-12-23 11:46:26');
INSERT INTO waktu_berkunjung (id_pengunjung, waktu) VALUES('P00065', '2023-12-23 13:50:16');
INSERT INTO waktu_berkunjung (id_pengunjung, waktu) VALUES('P00043', '2023-12-23 16:26:44');
INSERT INTO waktu_berkunjung (id_pengunjung, waktu) VALUES('P00071', '2023-12-24 10:24:53');
INSERT INTO waktu_berkunjung (id_pengunjung, waktu) VALUES('P00061', '2023-12-24 10:54:53');
INSERT INTO waktu_berkunjung (id_pengunjung, waktu) VALUES('P00021', '2023-12-24 12:01:20');
INSERT INTO waktu_berkunjung (id_pengunjung, waktu) VALUES('P00015', '2023-12-24 13:27:15');
INSERT INTO waktu_berkunjung (id_pengunjung, waktu) VALUES('P00064', '2023-12-24 15:07:10');
INSERT INTO waktu_berkunjung (id_pengunjung, waktu) VALUES('P00009', '2023-12-24 17:58:38');
INSERT INTO waktu_berkunjung (id_pengunjung, waktu) VALUES('P00054', '2023-12-25 10:48:06');
INSERT INTO waktu_berkunjung (id_pengunjung, waktu) VALUES('P00051', '2023-12-25 13:09:44');
INSERT INTO waktu_berkunjung (id_pengunjung, waktu) VALUES('P00092', '2023-12-25 16:55:21');
INSERT INTO waktu_berkunjung (id_pengunjung, waktu) VALUES('P00080', '2023-12-26 08:53:28');
INSERT INTO waktu_berkunjung (id_pengunjung, waktu) VALUES('P00047', '2023-12-26 11:26:25');
INSERT INTO waktu_berkunjung (id_pengunjung, waktu) VALUES('P00034', '2023-12-26 15:15:27');
INSERT INTO waktu_berkunjung (id_pengunjung, waktu) VALUES('P00075', '2023-12-26 17:44:23');
INSERT INTO waktu_berkunjung (id_pengunjung, waktu) VALUES('P00096', '2023-12-26 18:05:30');
INSERT INTO waktu_berkunjung (id_pengunjung, waktu) VALUES('P00030', '2023-12-27 07:13:47');
INSERT INTO waktu_berkunjung (id_pengunjung, waktu) VALUES('P00059', '2023-12-27 07:39:18');
INSERT INTO waktu_berkunjung (id_pengunjung, waktu) VALUES('P00040', '2023-12-27 07:55:35');
INSERT INTO waktu_berkunjung (id_pengunjung, waktu) VALUES('P00018', '2023-12-27 09:14:37');
INSERT INTO waktu_berkunjung (id_pengunjung, waktu) VALUES('P00070', '2023-12-27 11:35:02');
INSERT INTO waktu_berkunjung (id_pengunjung, waktu) VALUES('P00038', '2023-12-27 15:54:13');
INSERT INTO waktu_berkunjung (id_pengunjung, waktu) VALUES('P00084', '2023-12-28 09:53:51');
INSERT INTO waktu_berkunjung (id_pengunjung, waktu) VALUES('P00100', '2023-12-28 12:40:08');
INSERT INTO waktu_berkunjung (id_pengunjung, waktu) VALUES('P00008', '2023-12-28 15:12:26');
INSERT INTO waktu_berkunjung (id_pengunjung, waktu) VALUES('P00096', '2023-12-28 15:36:47');
INSERT INTO waktu_berkunjung (id_pengunjung, waktu) VALUES('P00004', '2023-12-29 08:19:26');
INSERT INTO waktu_berkunjung (id_pengunjung, waktu) VALUES('P00069', '2023-12-29 12:13:53');
INSERT INTO waktu_berkunjung (id_pengunjung, waktu) VALUES('P00067', '2023-12-29 13:20:26');
INSERT INTO waktu_berkunjung (id_pengunjung, waktu) VALUES('P00018', '2023-12-29 14:34:49');
INSERT INTO waktu_berkunjung (id_pengunjung, waktu) VALUES('P00094', '2023-12-29 16:20:20');
INSERT INTO waktu_berkunjung (id_pengunjung, waktu) VALUES('P00057', '2023-12-30 12:34:20');
INSERT INTO waktu_berkunjung (id_pengunjung, waktu) VALUES('P00098', '2023-12-30 15:48:26');
INSERT INTO waktu_berkunjung (id_pengunjung, waktu) VALUES('P00068', '2023-12-30 15:54:16');
INSERT INTO waktu_berkunjung (id_pengunjung, waktu) VALUES('P00065', '2023-12-31 08:55:17');
INSERT INTO waktu_berkunjung (id_pengunjung, waktu) VALUES('P00063', '2023-12-31 10:03:39');
INSERT INTO waktu_berkunjung (id_pengunjung, waktu) VALUES('P00010', '2023-12-31 12:03:56');
INSERT INTO waktu_berkunjung (id_pengunjung, waktu) VALUES('P00036', '2023-12-31 12:04:13');
INSERT INTO waktu_berkunjung (id_pengunjung, waktu) VALUES('P00012', '2023-12-31 12:46:18');
INSERT INTO waktu_berkunjung (id_pengunjung, waktu) VALUES('P00062', '2023-12-31 12:48:24');
INSERT INTO waktu_berkunjung (id_pengunjung, waktu) VALUES('P00042', '2023-07-05 12:16:12');
INSERT INTO waktu_berkunjung (id_pengunjung, waktu) VALUES('P00035', '2023-07-05 18:17:32');
INSERT INTO waktu_berkunjung (id_pengunjung, waktu) VALUES('P00053', '2023-07-06 09:21:53');
INSERT INTO waktu_berkunjung (id_pengunjung, waktu) VALUES('P00091', '2023-07-12 11:33:40');
INSERT INTO waktu_berkunjung (id_pengunjung, waktu) VALUES('P00008', '2023-07-12 15:43:29');
INSERT INTO waktu_berkunjung (id_pengunjung, waktu) VALUES('P00014', '2023-07-18 17:25:23');
INSERT INTO waktu_berkunjung (id_pengunjung, waktu) VALUES('P00003', '2023-07-27 15:25:15');
INSERT INTO waktu_berkunjung (id_pengunjung, waktu) VALUES('P00054', '2023-07-31 16:38:13');
INSERT INTO waktu_berkunjung (id_pengunjung, waktu) VALUES('P00014', '2023-08-02 15:41:57');
INSERT INTO waktu_berkunjung (id_pengunjung, waktu) VALUES('P00005', '2023-08-11 16:30:47');
INSERT INTO waktu_berkunjung (id_pengunjung, waktu) VALUES('P00019', '2023-08-28 16:12:32');
INSERT INTO waktu_berkunjung (id_pengunjung, waktu) VALUES('P00050', '2023-08-28 17:53:28');
INSERT INTO waktu_berkunjung (id_pengunjung, waktu) VALUES('P00096', '2023-08-30 08:44:37');
INSERT INTO waktu_berkunjung (id_pengunjung, waktu) VALUES('P00026', '2023-09-15 14:44:30');
INSERT INTO waktu_berkunjung (id_pengunjung, waktu) VALUES('P00044', '2023-09-19 07:46:13');
INSERT INTO waktu_berkunjung (id_pengunjung, waktu) VALUES('P00092', '2023-09-19 12:15:22');
INSERT INTO waktu_berkunjung (id_pengunjung, waktu) VALUES('P00090', '2023-09-22 09:15:41');
INSERT INTO waktu_berkunjung (id_pengunjung, waktu) VALUES('P00071', '2023-09-24 12:56:08');
INSERT INTO waktu_berkunjung (id_pengunjung, waktu) VALUES('P00033', '2023-09-24 17:15:57');
INSERT INTO waktu_berkunjung (id_pengunjung, waktu) VALUES('P00090', '2023-09-26 07:20:51');
INSERT INTO waktu_berkunjung (id_pengunjung, waktu) VALUES('P00063', '2023-09-26 09:46:07');
INSERT INTO waktu_berkunjung (id_pengunjung, waktu) VALUES('P00073', '2023-09-26 15:29:38');
INSERT INTO waktu_berkunjung (id_pengunjung, waktu) VALUES('P00093', '2023-09-29 11:25:53');
INSERT INTO waktu_berkunjung (id_pengunjung, waktu) VALUES('P00035', '2023-10-01 08:23:45');
INSERT INTO waktu_berkunjung (id_pengunjung, waktu) VALUES('P00061', '2023-10-12 11:47:33');
INSERT INTO waktu_berkunjung (id_pengunjung, waktu) VALUES('P00041', '2023-10-12 16:57:30');
INSERT INTO waktu_berkunjung (id_pengunjung, waktu) VALUES('P00015', '2023-10-13 17:32:20');
INSERT INTO waktu_berkunjung (id_pengunjung, waktu) VALUES('P00011', '2023-10-16 13:54:12');
INSERT INTO waktu_berkunjung (id_pengunjung, waktu) VALUES('P00003', '2023-10-17 11:04:25');
INSERT INTO waktu_berkunjung (id_pengunjung, waktu) VALUES('P00029', '2023-10-17 13:47:46');
INSERT INTO waktu_berkunjung (id_pengunjung, waktu) VALUES('P00077', '2023-10-21 10:52:36');
INSERT INTO waktu_berkunjung (id_pengunjung, waktu) VALUES('P00021', '2023-10-27 15:41:38');
INSERT INTO waktu_berkunjung (id_pengunjung, waktu) VALUES('P00082', '2023-11-01 09:32:09');
INSERT INTO waktu_berkunjung (id_pengunjung, waktu) VALUES('P00036', '2023-11-06 11:21:06');
INSERT INTO waktu_berkunjung (id_pengunjung, waktu) VALUES('P00080', '2023-11-06 12:07:21');
INSERT INTO waktu_berkunjung (id_pengunjung, waktu) VALUES('P00013', '2023-11-07 08:00:12');
INSERT INTO waktu_berkunjung (id_pengunjung, waktu) VALUES('P00017', '2023-11-09 09:26:27');
INSERT INTO waktu_berkunjung (id_pengunjung, waktu) VALUES('P00069', '2023-11-10 15:36:37');
INSERT INTO waktu_berkunjung (id_pengunjung, waktu) VALUES('P00079', '2023-11-11 13:32:58');
INSERT INTO waktu_berkunjung (id_pengunjung, waktu) VALUES('P00011', '2023-11-11 17:27:39');
INSERT INTO waktu_berkunjung (id_pengunjung, waktu) VALUES('P00085', '2023-11-12 16:36:20');
INSERT INTO waktu_berkunjung (id_pengunjung, waktu) VALUES('P00075', '2023-11-14 17:06:09');
INSERT INTO waktu_berkunjung (id_pengunjung, waktu) VALUES('P00069', '2023-11-22 15:48:11');
INSERT INTO waktu_berkunjung (id_pengunjung, waktu) VALUES('P00011', '2023-11-24 10:12:04');
INSERT INTO waktu_berkunjung (id_pengunjung, waktu) VALUES('P00022', '2023-11-24 13:35:00');
INSERT INTO waktu_berkunjung (id_pengunjung, waktu) VALUES('P00008', '2023-12-02 07:22:35');
INSERT INTO waktu_berkunjung (id_pengunjung, waktu) VALUES('P00060', '2023-12-03 16:53:44');
INSERT INTO waktu_berkunjung (id_pengunjung, waktu) VALUES('P00020', '2023-12-06 16:19:45');
INSERT INTO waktu_berkunjung (id_pengunjung, waktu) VALUES('P00040', '2023-12-22 09:40:02');
INSERT INTO waktu_berkunjung (id_pengunjung, waktu) VALUES('P00013', '2023-12-29 18:08:13');

INSERT INTO keanggotaan (id_anggota, nrp, email, jurusan, tanggal_lahir, jenis_kelamin, id_pengunjung) 
VALUES 
  ('A001', '5025231013', '5025231013@student.its.ac.id', 'S-1 Teknik Informatika', '2004-11-02', 'L', 'P00001'),
  ('A002', '5025231014', '5025231014@student.its.ac.id', 'S-1 Teknik Informatika', '2005-11-05', 'L', 'P00002'),
  ('A003', '5025231015', '5025231015@student.its.ac.id', 'S-1 Teknik Informatika', '2004-02-24', 'L', 'P00003'),
  ('A004', '5025231020', '5025231020@student.its.ac.id', 'S-1 Teknik Informatika', '2004-10-07', 'L', 'P00004'),
  ('A005', '5025231030', '5025231030@student.its.ac.id', 'S-1 Teknik Informatika', '2005-01-12', 'L', 'P00005'),
  ('A006', '5025231015', '5025231015@student.its.ac.id', 'S-1 Teknik Informatika', '2005-10-22', 'L', 'P00006'),
  ('A007', '5025231017', '5025231017@student.its.ac.id', 'S-1 Teknik Informatika', '2004-11-11', 'L', 'P00007'),
  ('A008', '5025231018', '5025231018@student.its.ac.id', 'S-1 Teknik Informatika', '2004-04-12', 'P', 'P00008'),
  ('A009', '5025231019', '5025231019@student.its.ac.id', 'S-1 Teknik Informatika', '2004-10-25', 'L', 'P00009'),
  ('A010', '5025231023', '5025231023@student.its.ac.id', 'S-1 Teknik Informatika', '2004-12-29', 'L', 'P00010'),
  ('A011', '5022231011', '5022231011@student.its.ac.id', 'S-1 Teknik Elektro', '2005-06-03', 'P', 'P00011'),
  ('A012', '5022231012', '5022231012@student.its.ac.id', 'S-1 Teknik Elektro', '2005-07-07', 'L', 'P00012'),
  ('A013', '5022231013', '5022231013@student.its.ac.id', 'S-1 Teknik Elektro', '2005-04-09', 'L', 'P00013'),
  ('A014', '5022231014', '5022231014@student.its.ac.id', 'S-1 Teknik Elektro', '2004-07-16', 'P', 'P00014'),
  ('A015', '5022231015', '5022231015@student.its.ac.id', 'S-1 Teknik Elektro', '2004-05-06', 'L', 'P00015'),
  ('A016', '5022231016', '5022231016@student.its.ac.id', 'S-1 Teknik Elektro', '2004-11-02', 'P', 'P00016'),
  ('A017', '5022231017', '5022231017@student.its.ac.id', 'S-1 Teknik Elektro', '2005-09-26', 'P', 'P00017'),
  ('A018', '5022231018', '5022231018@student.its.ac.id', 'S-1 Teknik Elektro', '2004-10-19', 'P', 'P00018'),
  ('A019', '5022231019', '5022231019@student.its.ac.id', 'S-1 Teknik Elektro', '2005-02-19', 'P', 'P00019'),
  ('A020', '5022231020', '5022231020@student.its.ac.id', 'S-1 Teknik Elektro', '2005-07-15', 'L', 'P00020'),
  ('A021', '5010231011', '5010231011@student.its.ac.id', 'S-1 Teknik Industri', '2005-02-04', 'L', 'P00021'),
  ('A022', '5010231012', '5010231012@student.its.ac.id', 'S-1 Teknik Industri', '2004-06-14', 'L', 'P00022'),
  ('A023', '5010231013', '5010231013@student.its.ac.id', 'S-1 Teknik Industri', '2005-02-20', 'P', 'P00023'),
  ('A024', '5010231014', '5010231014@student.its.ac.id', 'S-1 Teknik Industri', '2004-06-02', 'L', 'P00024'),
  ('A025', '5010231015', '5010231015@student.its.ac.id', 'S-1 Teknik Industri', '2005-03-16', 'L', 'P00025'),
  ('A026', '5010231016', '5010231016@student.its.ac.id', 'S-1 Teknik Industri', '2004-05-12', 'P', 'P00026'),
  ('A027', '5010231017', '5010231017@student.its.ac.id', 'S-1 Teknik Industri', '2005-03-10', 'L', 'P00027'),
  ('A028', '5010231018', '5010231018@student.its.ac.id', 'S-1 Teknik Industri', '2005-03-01', 'L', 'P00028'),
  ('A029', '5010231019', '5010231019@student.its.ac.id', 'S-1 Teknik Industri', '2005-09-18', 'P', 'P00029'),
  ('A030', '5010231020', '5010231020@student.its.ac.id', 'S-1 Teknik Industri', '2004-07-30', 'L', 'P00030'),
  ('A031', '5007231011', '5007231011@student.its.ac.id', 'S-1 Teknik Mesin', '2005-09-24', 'P', 'P00031'),
  ('A032', '5007231012', '5007231012@student.its.ac.id', 'S-1 Teknik Mesin', '2004-01-30', 'P', 'P00032'),
  ('A033', '5007231013', '5007231013@student.its.ac.id', 'S-1 Teknik Mesin', '2005-11-01', 'L', 'P00033'),
  ('A034', '5007231014', '5007231014@student.its.ac.id', 'S-1 Teknik Mesin', '2004-08-07', 'L', 'P00034'),
  ('A035', '5007231015', '5007231015@student.its.ac.id', 'S-1 Teknik Mesin', '2005-04-04', 'L', 'P00035'),
  ('A036', '5007231016', '5007231016@student.its.ac.id', 'S-1 Teknik Mesin', '2004-08-22', 'L', 'P00036'),
  ('A037', '5007231017', '5007231017@student.its.ac.id', 'S-1 Teknik Mesin', '2005-10-05', 'L', 'P00037'),
  ('A038', '5007231018', '5007231018@student.its.ac.id', 'S-1 Teknik Mesin', '2004-10-30', 'L', 'P00038'),
  ('A039', '5007231019', '5007231019@student.its.ac.id', 'S-1 Teknik Mesin', '2005-05-01', 'L', 'P00039'),
  ('A040', '5007231020', '5007231020@student.its.ac.id', 'S-1 Teknik Mesin', '2004-08-22', 'P', 'P00040'),
  ('A041', '5019231011', '5019231011@student.its.ac.id', 'S-1 Teknik Sistem Perkapalan', '2005-09-17', 'P', 'P00041'),
  ('A042', '5019231012', '5019231012@student.its.ac.id', 'S-1 Teknik Sistem Perkapalan', '2004-01-05', 'P', 'P00042'),
  ('A043', '5019231013', '5019231013@student.its.ac.id', 'S-1 Teknik Sistem Perkapalan', '2004-02-11', 'P', 'P00043'),
  ('A044', '5019231014', '5019231014@student.its.ac.id', 'S-1 Teknik Sistem Perkapalan', '2005-04-26', 'P', 'P00044'),
  ('A045', '5019231015', '5019231015@student.its.ac.id', 'S-1 Teknik Sistem Perkapalan', '2005-01-19', 'L', 'P00045'),
  ('A046', '5019231016', '5019231016@student.its.ac.id', 'S-1 Teknik Sistem Perkapalan', '2005-07-14', 'L', 'P00046'),
  ('A047', '5019231017', '5019231017@student.its.ac.id', 'S-1 Teknik Sistem Perkapalan', '2005-06-10', 'L', 'P00047'),
  ('A048', '5019231018', '5019231018@student.its.ac.id', 'S-1 Teknik Sistem Perkapalan Joint Degree', '2005-04-03', 'P', 'P00048'),
  ('A049', '5019231019', '5019231019@student.its.ac.id', 'S-1 Teknik Sistem Perkapalan Joint Degree', '2005-06-12', 'L', 'P00049'),
  ('A050', '5019231020', '5019231020@student.its.ac.id', 'S-1 Teknik Sistem Perkapalan Joint Degree', '2005-01-20', 'L', 'P00050'),
  ('A051', '5012231011', '5012231011@student.its.ac.id', 'S-1 Teknik Sipil', '2004-10-19', 'P', 'P00051'),
  ('A052', '5012231012', '5012231012@student.its.ac.id', 'S-1 Teknik Sipil', '2005-10-05', 'P', 'P00052'),
  ('A053', '5012231013', '5012231013@student.its.ac.id', 'S-1 Teknik Sipil', '2004-11-28', 'L', 'P00053'),
  ('A054', '5012231014', '5012231014@student.its.ac.id', 'S-1 Teknik Sipil', '2004-04-30', 'L', 'P00054'),
  ('A055', '5012231015', '5012231015@student.its.ac.id', 'S-1 Teknik Sipil', '2005-11-15', 'P', 'P00055'),
  ('A056', '5012231016', '5012231016@student.its.ac.id', 'S-1 Teknik Sipil', '2004-01-06', 'P', 'P00056'),
  ('A057', '5012231017', '5012231017@student.its.ac.id', 'S-1 Teknik Sipil', '2005-10-08', 'P', 'P00057'),
  ('A058', '5012231018', '5012231018@student.its.ac.id', 'S-1 Teknik Sipil', '2005-05-16', 'P', 'P00058'),
  ('A059', '5012231019', '5012231019@student.its.ac.id', 'S-1 Teknik Sipil', '2004-01-09', 'L', 'P00059'),
  ('A060', '5012231020', '5012231020@student.its.ac.id', 'S-1 Teknik Sipil', '2005-09-30', 'L', 'P00060'),
  ('A061', '5027231011', '5027231011@student.its.ac.id', 'S-1 Teknologi Informasi', '2005-09-28', 'L', 'P00061'),
  ('A062', '5027231012', '5027231012@student.its.ac.id', 'S-1 Teknologi Informasi', '2004-06-15', 'P', 'P00062'),
  ('A063', '5027231013', '5027231013@student.its.ac.id', 'S-1 Teknologi Informasi', '2004-05-15', 'L', 'P00063'),
  ('A064', '5027231014', '5027231014@student.its.ac.id', 'S-1 Teknologi Informasi', '2004-06-12', 'L', 'P00064'),
  ('A065', '5027231015', '5027231015@student.its.ac.id', 'S-1 Teknologi Informasi', '2005-05-16', 'P', 'P00065'),
  ('A066', '5027231016', '5027231016@student.its.ac.id', 'S-1 Teknologi Informasi', '2004-01-16', 'L', 'P00066'),
  ('A067', '5027231017', '5027231017@student.its.ac.id', 'S-1 Teknologi Informasi', '2005-09-01', 'P', 'P00067'),
  ('A068', '5027231018', '5027231018@student.its.ac.id', 'S-1 Teknologi Informasi', '2005-07-20', 'P', 'P00068'),
  ('A069', '5027231019', '5027231019@student.its.ac.id', 'S-1 Teknologi Informasi', '2004-08-11', 'P', 'P00069'),
  ('A070', '5027231020', '5027231020@student.its.ac.id', 'S-1 Teknologi Informasi', '2005-05-12', 'P', 'P00070'),
  ('A071', '5006231011', '5006231011@student.its.ac.id', 'S-1 Sains Aktuaria', '2004-11-29', 'L', 'P00071'),
  ('A072', '5006231012', '5006231012@student.its.ac.id', 'S-1 Sains Aktuaria', '2005-01-26', 'L', 'P00072'),
  ('A073', '5006231013', '5006231013@student.its.ac.id', 'S-1 Sains Aktuaria', '2004-04-08', 'P', 'P00073'),
  ('A074', '5006231014', '5006231014@student.its.ac.id', 'S-1 Sains Aktuaria', '2004-12-05', 'P', 'P00074'),
  ('A075', '5006231015', '5006231015@student.its.ac.id', 'S-1 Sains Aktuaria', '2004-07-05', 'L', 'P00075'),
  ('A076', '5006231016', '5006231016@student.its.ac.id', 'S-1 Sains Aktuaria', '2005-07-31', 'L', 'P00076'),
  ('A077', '5006231017', '5006231017@student.its.ac.id', 'S-1 Sains Aktuaria', '2005-08-14', 'P', 'P00077'),
  ('A078', '5006231018', '5006231018@student.its.ac.id', 'S-1 Sains Aktuaria', '2005-01-08', 'P', 'P00078'),
  ('A079', '5006231019', '5006231019@student.its.ac.id', 'S-1 Sains Aktuaria', '2004-03-15', 'P', 'P00079'),
  ('A080', '5006231020', '5006231020@student.its.ac.id', 'S-1 Sains Aktuaria', '2005-06-29', 'P', 'P00080');